--------------------------------------------------------
--  파일이 생성됨 - 목요일-12월-15-2022   
--------------------------------------------------------
--------------------------------------------------------
--  DDL for Table ADORDERS
--------------------------------------------------------

  CREATE TABLE "MAKEIT"."ADORDERS" 
   (	"AD_ORDERS_IDX" NUMBER, 
	"MEMBER_ID" VARCHAR2(10 BYTE), 
	"AD_ORDERS_CARD_COMPANY" VARCHAR2(10 BYTE), 
	"AD_ORDERS_CARD_NUMBER" NUMBER, 
	"AD_ORDERS_CARD_PASSWORD" NUMBER, 
	"AD_ORDERS_PRICE" VARCHAR2(20 BYTE), 
	"AD_ORDERS_DATE" VARCHAR2(30 BYTE), 
	"AD_ORDERS_TITLE" VARCHAR2(20 BYTE), 
	"AD_ORDERS_PHONE" VARCHAR2(20 BYTE)
   ) SEGMENT CREATION IMMEDIATE 
  PCTFREE 10 PCTUSED 40 INITRANS 1 MAXTRANS 255 NOCOMPRESS LOGGING
  STORAGE(INITIAL 65536 NEXT 1048576 MINEXTENTS 1 MAXEXTENTS 2147483645
  PCTINCREASE 0 FREELISTS 1 FREELIST GROUPS 1 BUFFER_POOL DEFAULT FLASH_CACHE DEFAULT CELL_FLASH_CACHE DEFAULT)
  TABLESPACE "SYSTEM" ;
--------------------------------------------------------
--  DDL for Table ADVERTISEMENT
--------------------------------------------------------

  CREATE TABLE "MAKEIT"."ADVERTISEMENT" 
   (	"AD_IDX" NUMBER, 
	"MEMBER_ID" VARCHAR2(10 BYTE), 
	"FUND_IDX" NUMBER, 
	"AD_START_DATE" VARCHAR2(50 BYTE), 
	"AD_END_DATE" VARCHAR2(50 BYTE), 
	"AD_PRICE" VARCHAR2(20 BYTE), 
	"AD_POSITION" VARCHAR2(20 BYTE), 
	"AD_CHECK" NUMBER DEFAULT 0
   ) SEGMENT CREATION IMMEDIATE 
  PCTFREE 10 PCTUSED 40 INITRANS 1 MAXTRANS 255 NOCOMPRESS LOGGING
  STORAGE(INITIAL 65536 NEXT 1048576 MINEXTENTS 1 MAXEXTENTS 2147483645
  PCTINCREASE 0 FREELISTS 1 FREELIST GROUPS 1 BUFFER_POOL DEFAULT FLASH_CACHE DEFAULT CELL_FLASH_CACHE DEFAULT)
  TABLESPACE "SYSTEM" ;
--------------------------------------------------------
--  DDL for Table CARD
--------------------------------------------------------

  CREATE TABLE "MAKEIT"."CARD" 
   (	"MEMBER_ID" VARCHAR2(10 BYTE), 
	"CARD_CATEGORY" VARCHAR2(10 BYTE), 
	"CARD_NUMBER" VARCHAR2(50 BYTE), 
	"CARD_EXPIRATION" VARCHAR2(10 BYTE), 
	"CARD_SECURITY" VARCHAR2(10 BYTE)
   ) SEGMENT CREATION IMMEDIATE 
  PCTFREE 10 PCTUSED 40 INITRANS 1 MAXTRANS 255 NOCOMPRESS LOGGING
  STORAGE(INITIAL 65536 NEXT 1048576 MINEXTENTS 1 MAXEXTENTS 2147483645
  PCTINCREASE 0 FREELISTS 1 FREELIST GROUPS 1 BUFFER_POOL DEFAULT FLASH_CACHE DEFAULT CELL_FLASH_CACHE DEFAULT)
  TABLESPACE "SYSTEM" ;
--------------------------------------------------------
--  DDL for Table CHATROOM
--------------------------------------------------------

  CREATE TABLE "MAKEIT"."CHATROOM" 
   (	"ROOMNUMBER" NUMBER, 
	"ROOMNAME" VARCHAR2(200 BYTE), 
	"MEMBER_ID" VARCHAR2(200 BYTE), 
	"CONVERSATION" VARCHAR2(4000 BYTE), 
	"REGDATE" DATE, 
	"CONN" NUMBER, 
	"PARTICIPANTS" VARCHAR2(30 BYTE)
   ) SEGMENT CREATION IMMEDIATE 
  PCTFREE 10 PCTUSED 40 INITRANS 1 MAXTRANS 255 NOCOMPRESS LOGGING
  STORAGE(INITIAL 65536 NEXT 1048576 MINEXTENTS 1 MAXEXTENTS 2147483645
  PCTINCREASE 0 FREELISTS 1 FREELIST GROUPS 1 BUFFER_POOL DEFAULT FLASH_CACHE DEFAULT CELL_FLASH_CACHE DEFAULT)
  TABLESPACE "SYSTEM" ;
--------------------------------------------------------
--  DDL for Table COUPON
--------------------------------------------------------

  CREATE TABLE "MAKEIT"."COUPON" 
   (	"COUPON_IDX" NUMBER, 
	"FUND_IDX" NUMBER, 
	"STORE_IDX" NUMBER, 
	"COUPON_PRICE" VARCHAR2(20 BYTE), 
	"COUPON_TITLE" VARCHAR2(100 BYTE), 
	"COUPON_CONTENT" VARCHAR2(500 BYTE), 
	"COUPON_START_DATE" VARCHAR2(30 BYTE), 
	"COUPON_END_DATE" VARCHAR2(30 BYTE)
   ) SEGMENT CREATION IMMEDIATE 
  PCTFREE 10 PCTUSED 40 INITRANS 1 MAXTRANS 255 NOCOMPRESS LOGGING
  STORAGE(INITIAL 65536 NEXT 1048576 MINEXTENTS 1 MAXEXTENTS 2147483645
  PCTINCREASE 0 FREELISTS 1 FREELIST GROUPS 1 BUFFER_POOL DEFAULT FLASH_CACHE DEFAULT CELL_FLASH_CACHE DEFAULT)
  TABLESPACE "SYSTEM" ;
--------------------------------------------------------
--  DDL for Table CS
--------------------------------------------------------

  CREATE TABLE "MAKEIT"."CS" 
   (	"CS_IDX" NUMBER, 
	"CS_TITLE" VARCHAR2(100 BYTE), 
	"CS_CONTENT" VARCHAR2(4000 BYTE), 
	"CS_IMG" VARCHAR2(1000 BYTE), 
	"CS_DATE" DATE DEFAULT SYSDATE, 
	"CS_HIT" NUMBER DEFAULT 0, 
	"CS_CATEGORY" VARCHAR2(10 BYTE), 
	"CS_SMALL_IMG" VARCHAR2(500 BYTE), 
	"CS_HEART" NUMBER DEFAULT 0
   ) SEGMENT CREATION IMMEDIATE 
  PCTFREE 10 PCTUSED 40 INITRANS 1 MAXTRANS 255 NOCOMPRESS LOGGING
  STORAGE(INITIAL 65536 NEXT 1048576 MINEXTENTS 1 MAXEXTENTS 2147483645
  PCTINCREASE 0 FREELISTS 1 FREELIST GROUPS 1 BUFFER_POOL DEFAULT FLASH_CACHE DEFAULT CELL_FLASH_CACHE DEFAULT)
  TABLESPACE "SYSTEM" ;
--------------------------------------------------------
--  DDL for Table CS_LIKE
--------------------------------------------------------

  CREATE TABLE "MAKEIT"."CS_LIKE" 
   (	"CS_LIKE_IDX" NUMBER, 
	"CS_IDX" NUMBER, 
	"MEMBER_ID" VARCHAR2(100 BYTE)
   ) SEGMENT CREATION IMMEDIATE 
  PCTFREE 10 PCTUSED 40 INITRANS 1 MAXTRANS 255 NOCOMPRESS LOGGING
  STORAGE(INITIAL 65536 NEXT 1048576 MINEXTENTS 1 MAXEXTENTS 2147483645
  PCTINCREASE 0 FREELISTS 1 FREELIST GROUPS 1 BUFFER_POOL DEFAULT FLASH_CACHE DEFAULT CELL_FLASH_CACHE DEFAULT)
  TABLESPACE "SYSTEM" ;
--------------------------------------------------------
--  DDL for Table FOLLOW
--------------------------------------------------------

  CREATE TABLE "MAKEIT"."FOLLOW" 
   (	"FOLLOWING_ID" VARCHAR2(20 BYTE), 
	"FOLLOWER_ID" VARCHAR2(20 BYTE)
   ) SEGMENT CREATION IMMEDIATE 
  PCTFREE 10 PCTUSED 40 INITRANS 1 MAXTRANS 255 NOCOMPRESS LOGGING
  STORAGE(INITIAL 65536 NEXT 1048576 MINEXTENTS 1 MAXEXTENTS 2147483645
  PCTINCREASE 0 FREELISTS 1 FREELIST GROUPS 1 BUFFER_POOL DEFAULT FLASH_CACHE DEFAULT CELL_FLASH_CACHE DEFAULT)
  TABLESPACE "SYSTEM" ;
--------------------------------------------------------
--  DDL for Table FUND_LIKE
--------------------------------------------------------

  CREATE TABLE "MAKEIT"."FUND_LIKE" 
   (	"FUND_LIKE_IDX" NUMBER, 
	"FUND_IDX" NUMBER, 
	"MEMBER_ID" VARCHAR2(10 BYTE)
   ) SEGMENT CREATION IMMEDIATE 
  PCTFREE 10 PCTUSED 40 INITRANS 1 MAXTRANS 255 NOCOMPRESS LOGGING
  STORAGE(INITIAL 65536 NEXT 1048576 MINEXTENTS 1 MAXEXTENTS 2147483645
  PCTINCREASE 0 FREELISTS 1 FREELIST GROUPS 1 BUFFER_POOL DEFAULT FLASH_CACHE DEFAULT CELL_FLASH_CACHE DEFAULT)
  TABLESPACE "SYSTEM" ;
--------------------------------------------------------
--  DDL for Table FUND_OPTION
--------------------------------------------------------

  CREATE TABLE "MAKEIT"."FUND_OPTION" 
   (	"FUND_IDX" NUMBER, 
	"FUND_OPTION_PRICE" NUMBER, 
	"FUND_OPTION_CONTENT" VARCHAR2(1000 BYTE), 
	"FUND_OPTION_TITLE" VARCHAR2(100 BYTE), 
	"MEMBER_ID" VARCHAR2(10 BYTE), 
	"FUND_OPTION_IDX" NUMBER, 
	"FUND_OPTION_DELIVERY" VARCHAR2(300 BYTE)
   ) SEGMENT CREATION IMMEDIATE 
  PCTFREE 10 PCTUSED 40 INITRANS 1 MAXTRANS 255 NOCOMPRESS LOGGING
  STORAGE(INITIAL 65536 NEXT 1048576 MINEXTENTS 1 MAXEXTENTS 2147483645
  PCTINCREASE 0 FREELISTS 1 FREELIST GROUPS 1 BUFFER_POOL DEFAULT FLASH_CACHE DEFAULT CELL_FLASH_CACHE DEFAULT)
  TABLESPACE "SYSTEM" ;
--------------------------------------------------------
--  DDL for Table FUND_OPTION_TEMP
--------------------------------------------------------

  CREATE TABLE "MAKEIT"."FUND_OPTION_TEMP" 
   (	"FUND_IDX" VARCHAR2(256 BYTE), 
	"FUND_OPTION_TITLE" VARCHAR2(256 BYTE), 
	"FUND_OPTION_CONTENT" VARCHAR2(256 BYTE), 
	"FUND_OPTION_PRICE" VARCHAR2(256 BYTE), 
	"FUND_OPTION_DELIVERY" VARCHAR2(256 BYTE), 
	"LAST_SAVE_DATE" VARCHAR2(50 BYTE)
   ) SEGMENT CREATION IMMEDIATE 
  PCTFREE 10 PCTUSED 40 INITRANS 1 MAXTRANS 255 NOCOMPRESS LOGGING
  STORAGE(INITIAL 65536 NEXT 1048576 MINEXTENTS 1 MAXEXTENTS 2147483645
  PCTINCREASE 0 FREELISTS 1 FREELIST GROUPS 1 BUFFER_POOL DEFAULT FLASH_CACHE DEFAULT CELL_FLASH_CACHE DEFAULT)
  TABLESPACE "SYSTEM" ;
--------------------------------------------------------
--  DDL for Table FUND_PROJECT
--------------------------------------------------------

  CREATE TABLE "MAKEIT"."FUND_PROJECT" 
   (	"FUND_IDX" NUMBER, 
	"MEMBER_ID" VARCHAR2(10 BYTE), 
	"FUND_TITLE" VARCHAR2(100 BYTE), 
	"FUND_MEMBERSHIP" VARCHAR2(100 BYTE), 
	"FUND_MAINIMG" VARCHAR2(500 BYTE), 
	"FUND_DETAILIMG" VARCHAR2(500 BYTE), 
	"FUND_CATEGORY" VARCHAR2(50 BYTE), 
	"FUND_TARGET_PRICE" NUMBER, 
	"FUND_STARTDATE" DATE, 
	"FUND_ENDDATE" DATE, 
	"FUND_TAG" VARCHAR2(256 BYTE), 
	"FUND_SUPPORTER" NUMBER, 
	"FUND_PRICE" NUMBER, 
	"FUND_MAKER_NAME" VARCHAR2(100 BYTE), 
	"FUND_MAKER_IMG" VARCHAR2(200 BYTE), 
	"FUND_MAKER_EMAIL" VARCHAR2(100 BYTE), 
	"FUND_MAKER_HOMEPAGE" VARCHAR2(100 BYTE), 
	"FUND_MAKER_CALLNUMBER" VARCHAR2(20 BYTE), 
	"FUND_MAKER_ID" VARCHAR2(20 BYTE)
   ) SEGMENT CREATION IMMEDIATE 
  PCTFREE 10 PCTUSED 40 INITRANS 1 MAXTRANS 255 NOCOMPRESS LOGGING
  STORAGE(INITIAL 65536 NEXT 1048576 MINEXTENTS 1 MAXEXTENTS 2147483645
  PCTINCREASE 0 FREELISTS 1 FREELIST GROUPS 1 BUFFER_POOL DEFAULT FLASH_CACHE DEFAULT CELL_FLASH_CACHE DEFAULT)
  TABLESPACE "SYSTEM" ;
--------------------------------------------------------
--  DDL for Table FUND_QNA
--------------------------------------------------------

  CREATE TABLE "MAKEIT"."FUND_QNA" 
   (	"MEMBER_ID" VARCHAR2(10 BYTE), 
	"FUND_IDX" NUMBER, 
	"FUND_QNA_IDX" NUMBER, 
	"FUND_QNA_TITLE" VARCHAR2(500 BYTE), 
	"FUND_QNA_CONTENT" VARCHAR2(2000 BYTE), 
	"FUND_QNA_DATE" DATE DEFAULT SYSDATE, 
	"FUND_QNA_CATEGORY" VARCHAR2(50 BYTE), 
	"STATUS_CHANGE" NUMBER
   ) SEGMENT CREATION IMMEDIATE 
  PCTFREE 10 PCTUSED 40 INITRANS 1 MAXTRANS 255 NOCOMPRESS LOGGING
  STORAGE(INITIAL 65536 NEXT 1048576 MINEXTENTS 1 MAXEXTENTS 2147483645
  PCTINCREASE 0 FREELISTS 1 FREELIST GROUPS 1 BUFFER_POOL DEFAULT FLASH_CACHE DEFAULT CELL_FLASH_CACHE DEFAULT)
  TABLESPACE "SYSTEM" ;
--------------------------------------------------------
--  DDL for Table FUND_QNA_RE
--------------------------------------------------------

  CREATE TABLE "MAKEIT"."FUND_QNA_RE" 
   (	"FUND_IDX" NUMBER, 
	"FUND_QNA_IDX" NUMBER, 
	"FUND_QNA_TITLE" VARCHAR2(500 BYTE), 
	"FUND_QNA_RE_CONTENT" VARCHAR2(2000 BYTE), 
	"FUND_QNA_RE_DATE" DATE
   ) SEGMENT CREATION IMMEDIATE 
  PCTFREE 10 PCTUSED 40 INITRANS 1 MAXTRANS 255 NOCOMPRESS LOGGING
  STORAGE(INITIAL 65536 NEXT 1048576 MINEXTENTS 1 MAXEXTENTS 2147483645
  PCTINCREASE 0 FREELISTS 1 FREELIST GROUPS 1 BUFFER_POOL DEFAULT FLASH_CACHE DEFAULT CELL_FLASH_CACHE DEFAULT)
  TABLESPACE "SYSTEM" ;
--------------------------------------------------------
--  DDL for Table FUND_REVIEW
--------------------------------------------------------

  CREATE TABLE "MAKEIT"."FUND_REVIEW" 
   (	"FUND_REVIEW_IDX" NUMBER, 
	"FUND_IDX" NUMBER, 
	"MEMBER_ID" VARCHAR2(10 BYTE), 
	"FUND_REVIEW_IMG" VARCHAR2(500 BYTE), 
	"FUND_REVIEW_SCORE" NUMBER DEFAULT 0, 
	"FUND_REVIEW_CONTENT" VARCHAR2(2000 BYTE), 
	"FUND_REVIEW_REGDATE" DATE
   ) SEGMENT CREATION IMMEDIATE 
  PCTFREE 10 PCTUSED 40 INITRANS 1 MAXTRANS 255 NOCOMPRESS LOGGING
  STORAGE(INITIAL 65536 NEXT 1048576 MINEXTENTS 1 MAXEXTENTS 2147483645
  PCTINCREASE 0 FREELISTS 1 FREELIST GROUPS 1 BUFFER_POOL DEFAULT FLASH_CACHE DEFAULT CELL_FLASH_CACHE DEFAULT)
  TABLESPACE "SYSTEM" ;
--------------------------------------------------------
--  DDL for Table FUND_SUPPORTER
--------------------------------------------------------

  CREATE TABLE "MAKEIT"."FUND_SUPPORTER" 
   (	"MEMBER_ID" VARCHAR2(10 BYTE), 
	"FUND_IDX" NUMBER, 
	"FUND_PRICE" NUMBER
   ) SEGMENT CREATION IMMEDIATE 
  PCTFREE 10 PCTUSED 40 INITRANS 1 MAXTRANS 255 NOCOMPRESS LOGGING
  STORAGE(INITIAL 65536 NEXT 1048576 MINEXTENTS 1 MAXEXTENTS 2147483645
  PCTINCREASE 0 FREELISTS 1 FREELIST GROUPS 1 BUFFER_POOL DEFAULT FLASH_CACHE DEFAULT CELL_FLASH_CACHE DEFAULT)
  TABLESPACE "SYSTEM" ;
--------------------------------------------------------
--  DDL for Table FUND_TEAM
--------------------------------------------------------

  CREATE TABLE "MAKEIT"."FUND_TEAM" 
   (	"FUND_IDX" VARCHAR2(20 BYTE), 
	"FUND_TEAMMEMBER" VARCHAR2(100 BYTE), 
	"AUTHKEY" VARCHAR2(20 BYTE), 
	"AUTHSTATUS" VARCHAR2(20 BYTE), 
	"MEMBER_NAME" VARCHAR2(20 BYTE)
   ) SEGMENT CREATION IMMEDIATE 
  PCTFREE 10 PCTUSED 40 INITRANS 1 MAXTRANS 255 NOCOMPRESS LOGGING
  STORAGE(INITIAL 65536 NEXT 1048576 MINEXTENTS 1 MAXEXTENTS 2147483645
  PCTINCREASE 0 FREELISTS 1 FREELIST GROUPS 1 BUFFER_POOL DEFAULT FLASH_CACHE DEFAULT CELL_FLASH_CACHE DEFAULT)
  TABLESPACE "SYSTEM" ;
--------------------------------------------------------
--  DDL for Table FUND_TEMP
--------------------------------------------------------

  CREATE TABLE "MAKEIT"."FUND_TEMP" 
   (	"FUND_IDX" VARCHAR2(20 BYTE), 
	"MEMBER_ID" VARCHAR2(20 BYTE), 
	"FUND_TITLE" VARCHAR2(100 BYTE), 
	"FUND_MEMBERSHIP" VARCHAR2(20 BYTE), 
	"FUND_MAINIMG" VARCHAR2(256 BYTE), 
	"FUND_DETAILIMG" VARCHAR2(1000 BYTE), 
	"FUND_CATEGORY" VARCHAR2(20 BYTE), 
	"FUND_TARGET_PRICE" VARCHAR2(20 BYTE), 
	"FUND_STARTDATE" VARCHAR2(20 BYTE), 
	"FUND_ENDDATE" VARCHAR2(20 BYTE), 
	"FUND_TAG" VARCHAR2(100 BYTE), 
	"FUND_MAKER_NAME" VARCHAR2(100 BYTE), 
	"FUND_MAKER_IMG" VARCHAR2(256 BYTE), 
	"FUND_MAKER_EMAIL" VARCHAR2(100 BYTE), 
	"FUND_MAKER_HOMEPAGE" VARCHAR2(100 BYTE), 
	"FUND_MAKER_CALLNUMBER" VARCHAR2(20 BYTE), 
	"LAST_SAVE_DATE" VARCHAR2(50 BYTE), 
	"FUND_TEAMMEMBER" VARCHAR2(256 BYTE)
   ) SEGMENT CREATION IMMEDIATE 
  PCTFREE 10 PCTUSED 40 INITRANS 1 MAXTRANS 255 NOCOMPRESS LOGGING
  STORAGE(INITIAL 65536 NEXT 1048576 MINEXTENTS 1 MAXEXTENTS 2147483645
  PCTINCREASE 0 FREELISTS 1 FREELIST GROUPS 1 BUFFER_POOL DEFAULT FLASH_CACHE DEFAULT CELL_FLASH_CACHE DEFAULT)
  TABLESPACE "SYSTEM" ;
--------------------------------------------------------
--  DDL for Table MEMBER
--------------------------------------------------------

  CREATE TABLE "MAKEIT"."MEMBER" 
   (	"MEMBER_ID" VARCHAR2(100 BYTE), 
	"MEMBER_PWD" VARCHAR2(20 BYTE), 
	"MEMBER_NAME" VARCHAR2(100 BYTE), 
	"MEMBER_ADDRESS" VARCHAR2(250 BYTE), 
	"MEMBER_PHONE" VARCHAR2(20 BYTE), 
	"MEMBER_EMAIL" VARCHAR2(50 BYTE), 
	"MEMBER_BIRTH" VARCHAR2(20 BYTE), 
	"MEMBER_INTEREST" VARCHAR2(1000 BYTE), 
	"MEMBER_PICTURE" VARCHAR2(50 BYTE), 
	"MEMBER_NICKNAME" VARCHAR2(30 BYTE), 
	"MEMBER_FUNDDATE" DATE
   ) SEGMENT CREATION IMMEDIATE 
  PCTFREE 10 PCTUSED 40 INITRANS 1 MAXTRANS 255 NOCOMPRESS LOGGING
  STORAGE(INITIAL 65536 NEXT 1048576 MINEXTENTS 1 MAXEXTENTS 2147483645
  PCTINCREASE 0 FREELISTS 1 FREELIST GROUPS 1 BUFFER_POOL DEFAULT FLASH_CACHE DEFAULT CELL_FLASH_CACHE DEFAULT)
  TABLESPACE "SYSTEM" ;
--------------------------------------------------------
--  DDL for Table MYCOUPON
--------------------------------------------------------

  CREATE TABLE "MAKEIT"."MYCOUPON" 
   (	"MEMBER_ID" VARCHAR2(10 BYTE), 
	"COUPON_IDX" NUMBER, 
	"COUPON_CHECK" NUMBER
   ) SEGMENT CREATION IMMEDIATE 
  PCTFREE 10 PCTUSED 40 INITRANS 1 MAXTRANS 255 NOCOMPRESS LOGGING
  STORAGE(INITIAL 65536 NEXT 1048576 MINEXTENTS 1 MAXEXTENTS 2147483645
  PCTINCREASE 0 FREELISTS 1 FREELIST GROUPS 1 BUFFER_POOL DEFAULT FLASH_CACHE DEFAULT CELL_FLASH_CACHE DEFAULT)
  TABLESPACE "SYSTEM" ;
--------------------------------------------------------
--  DDL for Table ORDERS
--------------------------------------------------------

  CREATE TABLE "MAKEIT"."ORDERS" 
   (	"ORDERS_IDX" NUMBER, 
	"MEMBER_ID" VARCHAR2(10 BYTE), 
	"FUND_IDX" NUMBER, 
	"STORE_IDX" NUMBER, 
	"ORDERS_CARD_COMPANY" VARCHAR2(10 BYTE), 
	"ORDERS_CARD_NUMBER" NUMBER, 
	"ORDERS_CARD_PASSWORD" NUMBER, 
	"ORDERS_ADDRESS" VARCHAR2(100 BYTE), 
	"ORDERS_RECEIVER" VARCHAR2(10 BYTE), 
	"ORDERS_COMMENT" VARCHAR2(200 BYTE), 
	"ORDERS_PRICE" NUMBER, 
	"ORDERS_DATE" VARCHAR2(30 BYTE), 
	"ORDERS_ADDRESSDETAIL" VARCHAR2(20 BYTE), 
	"ORDERS_PHONE" VARCHAR2(20 BYTE), 
	"ORDERS_REVIEWCHK" VARCHAR2(20 BYTE), 
	"ORDERS_OPTION_TITLE" VARCHAR2(100 BYTE)
   ) SEGMENT CREATION IMMEDIATE 
  PCTFREE 10 PCTUSED 40 INITRANS 1 MAXTRANS 255 NOCOMPRESS LOGGING
  STORAGE(INITIAL 65536 NEXT 1048576 MINEXTENTS 1 MAXEXTENTS 2147483645
  PCTINCREASE 0 FREELISTS 1 FREELIST GROUPS 1 BUFFER_POOL DEFAULT FLASH_CACHE DEFAULT CELL_FLASH_CACHE DEFAULT)
  TABLESPACE "SYSTEM" ;
--------------------------------------------------------
--  DDL for Table QNA
--------------------------------------------------------

  CREATE TABLE "MAKEIT"."QNA" 
   (	"QNA_IDX" NUMBER, 
	"MEMBER_ID" VARCHAR2(10 BYTE), 
	"QNA_TITLE" VARCHAR2(100 BYTE), 
	"QNA_CONTENT" VARCHAR2(1000 BYTE), 
	"QNA_IMG" VARCHAR2(500 BYTE), 
	"QNA_DATE" DATE DEFAULT SYSDATE, 
	"QNA_HIT" NUMBER DEFAULT 1, 
	"QNA_CHANGE" NUMBER DEFAULT 0, 
	"STORE_IDX" NUMBER, 
	"QNA_CATEGORY" VARCHAR2(20 BYTE)
   ) SEGMENT CREATION IMMEDIATE 
  PCTFREE 10 PCTUSED 40 INITRANS 1 MAXTRANS 255 NOCOMPRESS LOGGING
  STORAGE(INITIAL 65536 NEXT 1048576 MINEXTENTS 1 MAXEXTENTS 2147483645
  PCTINCREASE 0 FREELISTS 1 FREELIST GROUPS 1 BUFFER_POOL DEFAULT FLASH_CACHE DEFAULT CELL_FLASH_CACHE DEFAULT)
  TABLESPACE "SYSTEM" ;
--------------------------------------------------------
--  DDL for Table QNA_RE
--------------------------------------------------------

  CREATE TABLE "MAKEIT"."QNA_RE" 
   (	"QNA_IDX" NUMBER, 
	"STORE_IDX" NUMBER, 
	"QNA_RE_CONTENT" VARCHAR2(500 BYTE), 
	"QNA_RE_DATE" VARCHAR2(20 BYTE) DEFAULT SYSDATE
   ) SEGMENT CREATION IMMEDIATE 
  PCTFREE 10 PCTUSED 40 INITRANS 1 MAXTRANS 255 NOCOMPRESS LOGGING
  STORAGE(INITIAL 65536 NEXT 1048576 MINEXTENTS 1 MAXEXTENTS 2147483645
  PCTINCREASE 0 FREELISTS 1 FREELIST GROUPS 1 BUFFER_POOL DEFAULT FLASH_CACHE DEFAULT CELL_FLASH_CACHE DEFAULT)
  TABLESPACE "SYSTEM" ;
--------------------------------------------------------
--  DDL for Table STORE
--------------------------------------------------------

  CREATE TABLE "MAKEIT"."STORE" 
   (	"STORE_IDX" NUMBER, 
	"STORE_TITLE" VARCHAR2(200 BYTE), 
	"STORE_PRICE" NUMBER, 
	"STORE_IMG" VARCHAR2(500 BYTE), 
	"STORE_DATE" DATE DEFAULT sysdate, 
	"STORE_CATEGORY" VARCHAR2(50 BYTE), 
	"STORE_SATISFY" NUMBER, 
	"STORE_DEL" VARCHAR2(50 BYTE), 
	"MEMBER_ID" VARCHAR2(10 BYTE), 
	"STORE_DEL2" VARCHAR2(100 BYTE), 
	"STORE_NICKNAME" VARCHAR2(100 BYTE), 
	"STORE_IMG_DETAIL" VARCHAR2(1000 BYTE)
   ) SEGMENT CREATION IMMEDIATE 
  PCTFREE 10 PCTUSED 40 INITRANS 1 MAXTRANS 255 NOCOMPRESS LOGGING
  STORAGE(INITIAL 65536 NEXT 1048576 MINEXTENTS 1 MAXEXTENTS 2147483645
  PCTINCREASE 0 FREELISTS 1 FREELIST GROUPS 1 BUFFER_POOL DEFAULT FLASH_CACHE DEFAULT CELL_FLASH_CACHE DEFAULT)
  TABLESPACE "SYSTEM" ;
--------------------------------------------------------
--  DDL for Table STORE_LIKE
--------------------------------------------------------

  CREATE TABLE "MAKEIT"."STORE_LIKE" 
   (	"STORE_LIKE_IDX" NUMBER, 
	"STORE_IDX" NUMBER, 
	"MEMBER_ID" VARCHAR2(10 BYTE)
   ) SEGMENT CREATION IMMEDIATE 
  PCTFREE 10 PCTUSED 40 INITRANS 1 MAXTRANS 255 NOCOMPRESS LOGGING
  STORAGE(INITIAL 65536 NEXT 1048576 MINEXTENTS 1 MAXEXTENTS 2147483645
  PCTINCREASE 0 FREELISTS 1 FREELIST GROUPS 1 BUFFER_POOL DEFAULT FLASH_CACHE DEFAULT CELL_FLASH_CACHE DEFAULT)
  TABLESPACE "SYSTEM" ;
--------------------------------------------------------
--  DDL for Table STORE_OPTION
--------------------------------------------------------

  CREATE TABLE "MAKEIT"."STORE_OPTION" 
   (	"STORE_IDX" NUMBER, 
	"STORE_OPTION" VARCHAR2(100 BYTE), 
	"STORE_OPTIONDETAIL" VARCHAR2(100 BYTE), 
	"STORE_OPTIONPRICE" NUMBER
   ) SEGMENT CREATION IMMEDIATE 
  PCTFREE 10 PCTUSED 40 INITRANS 1 MAXTRANS 255 NOCOMPRESS LOGGING
  STORAGE(INITIAL 65536 NEXT 1048576 MINEXTENTS 1 MAXEXTENTS 2147483645
  PCTINCREASE 0 FREELISTS 1 FREELIST GROUPS 1 BUFFER_POOL DEFAULT FLASH_CACHE DEFAULT CELL_FLASH_CACHE DEFAULT)
  TABLESPACE "SYSTEM" ;
--------------------------------------------------------
--  DDL for Table STORE_REVIEW
--------------------------------------------------------

  CREATE TABLE "MAKEIT"."STORE_REVIEW" 
   (	"STORE_IDX" NUMBER, 
	"MEMBER_ID" VARCHAR2(10 BYTE), 
	"STORE_REVIEW_IMG" VARCHAR2(500 BYTE), 
	"STORE_REVIEW_SCORE" NUMBER, 
	"STORE_REVIEW_CONTENT" VARCHAR2(2000 BYTE), 
	"STORE_REVIEW_REGDATE" VARCHAR2(30 BYTE) DEFAULT NULL
   ) SEGMENT CREATION IMMEDIATE 
  PCTFREE 10 PCTUSED 40 INITRANS 1 MAXTRANS 255 NOCOMPRESS LOGGING
  STORAGE(INITIAL 65536 NEXT 1048576 MINEXTENTS 1 MAXEXTENTS 2147483645
  PCTINCREASE 0 FREELISTS 1 FREELIST GROUPS 1 BUFFER_POOL DEFAULT FLASH_CACHE DEFAULT CELL_FLASH_CACHE DEFAULT)
  TABLESPACE "SYSTEM" ;
REM INSERTING into MAKEIT.ADORDERS
SET DEFINE OFF;
Insert into MAKEIT.ADORDERS (AD_ORDERS_IDX,MEMBER_ID,AD_ORDERS_CARD_COMPANY,AD_ORDERS_CARD_NUMBER,AD_ORDERS_CARD_PASSWORD,AD_ORDERS_PRICE,AD_ORDERS_DATE,AD_ORDERS_TITLE,AD_ORDERS_PHONE) values (1670400553157,'jy123',null,null,null,'100000','2022-12-07 17:09:13','취향 추천','01040506506');
Insert into MAKEIT.ADORDERS (AD_ORDERS_IDX,MEMBER_ID,AD_ORDERS_CARD_COMPANY,AD_ORDERS_CARD_NUMBER,AD_ORDERS_CARD_PASSWORD,AD_ORDERS_PRICE,AD_ORDERS_DATE,AD_ORDERS_TITLE,AD_ORDERS_PHONE) values (1670836411915,'jy123',null,null,null,'10','2022-12-12 18:13:33','트랜드 추천','01040506506');
Insert into MAKEIT.ADORDERS (AD_ORDERS_IDX,MEMBER_ID,AD_ORDERS_CARD_COMPANY,AD_ORDERS_CARD_NUMBER,AD_ORDERS_CARD_PASSWORD,AD_ORDERS_PRICE,AD_ORDERS_DATE,AD_ORDERS_TITLE,AD_ORDERS_PHONE) values (1670837561738,'jy123',null,null,null,'10','2022-12-12 18:32:43','취향 추천','01040506506');
Insert into MAKEIT.ADORDERS (AD_ORDERS_IDX,MEMBER_ID,AD_ORDERS_CARD_COMPANY,AD_ORDERS_CARD_NUMBER,AD_ORDERS_CARD_PASSWORD,AD_ORDERS_PRICE,AD_ORDERS_DATE,AD_ORDERS_TITLE,AD_ORDERS_PHONE) values (1670837944096,'jy123',null,null,null,'10','2022-12-12 18:39:05','트랜드 추천','01040506506');
Insert into MAKEIT.ADORDERS (AD_ORDERS_IDX,MEMBER_ID,AD_ORDERS_CARD_COMPANY,AD_ORDERS_CARD_NUMBER,AD_ORDERS_CARD_PASSWORD,AD_ORDERS_PRICE,AD_ORDERS_DATE,AD_ORDERS_TITLE,AD_ORDERS_PHONE) values (1670903858908,'jy123',null,null,null,'10','2022-12-13 12:57:41','펀딩 추천','01040506506');
Insert into MAKEIT.ADORDERS (AD_ORDERS_IDX,MEMBER_ID,AD_ORDERS_CARD_COMPANY,AD_ORDERS_CARD_NUMBER,AD_ORDERS_CARD_PASSWORD,AD_ORDERS_PRICE,AD_ORDERS_DATE,AD_ORDERS_TITLE,AD_ORDERS_PHONE) values (1670400553157,'jy123',null,null,null,'100000','2022-12-07 17:09:13','취향 추천','01040506506');
Insert into MAKEIT.ADORDERS (AD_ORDERS_IDX,MEMBER_ID,AD_ORDERS_CARD_COMPANY,AD_ORDERS_CARD_NUMBER,AD_ORDERS_CARD_PASSWORD,AD_ORDERS_PRICE,AD_ORDERS_DATE,AD_ORDERS_TITLE,AD_ORDERS_PHONE) values (1670836411915,'jy123',null,null,null,'10','2022-12-12 18:13:33','트랜드 추천','01040506506');
Insert into MAKEIT.ADORDERS (AD_ORDERS_IDX,MEMBER_ID,AD_ORDERS_CARD_COMPANY,AD_ORDERS_CARD_NUMBER,AD_ORDERS_CARD_PASSWORD,AD_ORDERS_PRICE,AD_ORDERS_DATE,AD_ORDERS_TITLE,AD_ORDERS_PHONE) values (1670837561738,'jy123',null,null,null,'10','2022-12-12 18:32:43','취향 추천','01040506506');
Insert into MAKEIT.ADORDERS (AD_ORDERS_IDX,MEMBER_ID,AD_ORDERS_CARD_COMPANY,AD_ORDERS_CARD_NUMBER,AD_ORDERS_CARD_PASSWORD,AD_ORDERS_PRICE,AD_ORDERS_DATE,AD_ORDERS_TITLE,AD_ORDERS_PHONE) values (1670837944096,'jy123',null,null,null,'10','2022-12-12 18:39:05','트랜드 추천','01040506506');
Insert into MAKEIT.ADORDERS (AD_ORDERS_IDX,MEMBER_ID,AD_ORDERS_CARD_COMPANY,AD_ORDERS_CARD_NUMBER,AD_ORDERS_CARD_PASSWORD,AD_ORDERS_PRICE,AD_ORDERS_DATE,AD_ORDERS_TITLE,AD_ORDERS_PHONE) values (1670903858908,'jy123',null,null,null,'10','2022-12-13 12:57:41','펀딩 추천','01040506506');
REM INSERTING into MAKEIT.ADVERTISEMENT
SET DEFINE OFF;
Insert into MAKEIT.ADVERTISEMENT (AD_IDX,MEMBER_ID,FUND_IDX,AD_START_DATE,AD_END_DATE,AD_PRICE,AD_POSITION,AD_CHECK) values (3,'wpgh123',4,'2022.12.02','2022.12.16','70,000','펀딩 추천',1);
Insert into MAKEIT.ADVERTISEMENT (AD_IDX,MEMBER_ID,FUND_IDX,AD_START_DATE,AD_END_DATE,AD_PRICE,AD_POSITION,AD_CHECK) values (9,'jy123',3,'2022.12.15','2022.12.16','70,000','펀딩 추천',2);
Insert into MAKEIT.ADVERTISEMENT (AD_IDX,MEMBER_ID,FUND_IDX,AD_START_DATE,AD_END_DATE,AD_PRICE,AD_POSITION,AD_CHECK) values (8,'jy123',1,'2022.12.15','2022.12.17','140,000','트랜드 추천',2);
Insert into MAKEIT.ADVERTISEMENT (AD_IDX,MEMBER_ID,FUND_IDX,AD_START_DATE,AD_END_DATE,AD_PRICE,AD_POSITION,AD_CHECK) values (5,'jy123',1,'2022.12.06','2022.12.18','1,120,000','취향 추천',2);
Insert into MAKEIT.ADVERTISEMENT (AD_IDX,MEMBER_ID,FUND_IDX,AD_START_DATE,AD_END_DATE,AD_PRICE,AD_POSITION,AD_CHECK) values (6,'jy123',5,'2022.12.05','2022.12.31','1,120,000','취향 추천',6);
Insert into MAKEIT.ADVERTISEMENT (AD_IDX,MEMBER_ID,FUND_IDX,AD_START_DATE,AD_END_DATE,AD_PRICE,AD_POSITION,AD_CHECK) values (10,'wpgh123',55,'2022.12.15','2022.12.16','70,000','펀딩 추천',2);
Insert into MAKEIT.ADVERTISEMENT (AD_IDX,MEMBER_ID,FUND_IDX,AD_START_DATE,AD_END_DATE,AD_PRICE,AD_POSITION,AD_CHECK) values (12,'wpgh123',54,'2022.12.15','2022.12.24','630,000','메인 홈 배너',0);
Insert into MAKEIT.ADVERTISEMENT (AD_IDX,MEMBER_ID,FUND_IDX,AD_START_DATE,AD_END_DATE,AD_PRICE,AD_POSITION,AD_CHECK) values (9,'jy123',3,'2022.12.15','2022.12.16','70,000','펀딩 추천',2);
Insert into MAKEIT.ADVERTISEMENT (AD_IDX,MEMBER_ID,FUND_IDX,AD_START_DATE,AD_END_DATE,AD_PRICE,AD_POSITION,AD_CHECK) values (8,'jy123',1,'2022.12.15','2022.12.17','140,000','트랜드 추천',2);
Insert into MAKEIT.ADVERTISEMENT (AD_IDX,MEMBER_ID,FUND_IDX,AD_START_DATE,AD_END_DATE,AD_PRICE,AD_POSITION,AD_CHECK) values (5,'jy123',1,'2022.12.06','2022.12.18','1,120,000','취향 추천',2);
Insert into MAKEIT.ADVERTISEMENT (AD_IDX,MEMBER_ID,FUND_IDX,AD_START_DATE,AD_END_DATE,AD_PRICE,AD_POSITION,AD_CHECK) values (6,'jy123',5,'2022.12.05','2022.12.31','1,120,000','취향 추천',6);
Insert into MAKEIT.ADVERTISEMENT (AD_IDX,MEMBER_ID,FUND_IDX,AD_START_DATE,AD_END_DATE,AD_PRICE,AD_POSITION,AD_CHECK) values (11,'wpgh123',54,'2022.12.01','2022.12.16','70,000','펀딩 추천',6);
REM INSERTING into MAKEIT.CARD
SET DEFINE OFF;
Insert into MAKEIT.CARD (MEMBER_ID,CARD_CATEGORY,CARD_NUMBER,CARD_EXPIRATION,CARD_SECURITY) values ('wpgh7778','BC','12','12','12');
Insert into MAKEIT.CARD (MEMBER_ID,CARD_CATEGORY,CARD_NUMBER,CARD_EXPIRATION,CARD_SECURITY) values ('wpgh7778','BC','12','12','12');
REM INSERTING into MAKEIT.CHATROOM
SET DEFINE OFF;
REM INSERTING into MAKEIT.COUPON
SET DEFINE OFF;
Insert into MAKEIT.COUPON (COUPON_IDX,FUND_IDX,STORE_IDX,COUPON_PRICE,COUPON_TITLE,COUPON_CONTENT,COUPON_START_DATE,COUPON_END_DATE) values (3,5,11,'5000','5000원 할인 쿠폰','5000원 할인쿠폰','2022.12.12','2022.12.16');
Insert into MAKEIT.COUPON (COUPON_IDX,FUND_IDX,STORE_IDX,COUPON_PRICE,COUPON_TITLE,COUPON_CONTENT,COUPON_START_DATE,COUPON_END_DATE) values (3,5,11,'5000','5000원 할인 쿠폰','5000원 할인쿠폰','2022.12.12','2022.12.16');
Insert into MAKEIT.COUPON (COUPON_IDX,FUND_IDX,STORE_IDX,COUPON_PRICE,COUPON_TITLE,COUPON_CONTENT,COUPON_START_DATE,COUPON_END_DATE) values (5,5,null,'5000','5000원 할인 쿠폰','5000원 할인 쿠폰','2022.12.12','2022.12.16');
Insert into MAKEIT.COUPON (COUPON_IDX,FUND_IDX,STORE_IDX,COUPON_PRICE,COUPON_TITLE,COUPON_CONTENT,COUPON_START_DATE,COUPON_END_DATE) values (6,5,null,'5000','5000원 할인 쿠폰','5000원 할인 쿠폰','2022.12.12','2022.12.16');
Insert into MAKEIT.COUPON (COUPON_IDX,FUND_IDX,STORE_IDX,COUPON_PRICE,COUPON_TITLE,COUPON_CONTENT,COUPON_START_DATE,COUPON_END_DATE) values (5,5,null,'5000','5000원 할인 쿠폰','5000원 할인 쿠폰','2022.12.12','2022.12.16');
Insert into MAKEIT.COUPON (COUPON_IDX,FUND_IDX,STORE_IDX,COUPON_PRICE,COUPON_TITLE,COUPON_CONTENT,COUPON_START_DATE,COUPON_END_DATE) values (6,5,null,'5000','5000원 할인 쿠폰','5000원 할인 쿠폰','2022.12.12','2022.12.16');
Insert into MAKEIT.COUPON (COUPON_IDX,FUND_IDX,STORE_IDX,COUPON_PRICE,COUPON_TITLE,COUPON_CONTENT,COUPON_START_DATE,COUPON_END_DATE) values (3,5,11,'5000','5000원 할인 쿠폰','5000원 할인쿠폰','2022.12.12','2022.12.16');
Insert into MAKEIT.COUPON (COUPON_IDX,FUND_IDX,STORE_IDX,COUPON_PRICE,COUPON_TITLE,COUPON_CONTENT,COUPON_START_DATE,COUPON_END_DATE) values (1,5,1,'20000','20000원 할인 쿠폰','창립기념 20000원 할인 쿠폰','2022.12.12','2022.12.16');
Insert into MAKEIT.COUPON (COUPON_IDX,FUND_IDX,STORE_IDX,COUPON_PRICE,COUPON_TITLE,COUPON_CONTENT,COUPON_START_DATE,COUPON_END_DATE) values (2,5,1,'5000','5000원 할인 쿠폰','5000원 할인쿠폰','2022.12.12','2022.12.12');
Insert into MAKEIT.COUPON (COUPON_IDX,FUND_IDX,STORE_IDX,COUPON_PRICE,COUPON_TITLE,COUPON_CONTENT,COUPON_START_DATE,COUPON_END_DATE) values (6,5,1,'5000','5000원 할인 쿠폰','5000원 할인 쿠폰','2022.12.13','2022.12.12');
Insert into MAKEIT.COUPON (COUPON_IDX,FUND_IDX,STORE_IDX,COUPON_PRICE,COUPON_TITLE,COUPON_CONTENT,COUPON_START_DATE,COUPON_END_DATE) values (7,4,null,'5000','5000원 할인 쿠폰','5000원 할인 쿠폰','2022.12.13','2022.12.31');
Insert into MAKEIT.COUPON (COUPON_IDX,FUND_IDX,STORE_IDX,COUPON_PRICE,COUPON_TITLE,COUPON_CONTENT,COUPON_START_DATE,COUPON_END_DATE) values (8,4,null,'15000','15000원 할인 쿠폰','15000원 할인 쿠폰','2022.12.13','2022.12.31');
Insert into MAKEIT.COUPON (COUPON_IDX,FUND_IDX,STORE_IDX,COUPON_PRICE,COUPON_TITLE,COUPON_CONTENT,COUPON_START_DATE,COUPON_END_DATE) values (9,4,null,'20000','20000원 할인 쿠폰','20000원 할인 쿠폰','2022.12.13','2022.12.31');
Insert into MAKEIT.COUPON (COUPON_IDX,FUND_IDX,STORE_IDX,COUPON_PRICE,COUPON_TITLE,COUPON_CONTENT,COUPON_START_DATE,COUPON_END_DATE) values (5,2,null,'5000','5000원 할인 쿠폰','5000원 할인 쿠폰','2022.12.12','2022.12.16');
Insert into MAKEIT.COUPON (COUPON_IDX,FUND_IDX,STORE_IDX,COUPON_PRICE,COUPON_TITLE,COUPON_CONTENT,COUPON_START_DATE,COUPON_END_DATE) values (6,2,null,'5000','5000원 할인 쿠폰','5000원 할인 쿠폰','2022.12.12','2022.12.16');
Insert into MAKEIT.COUPON (COUPON_IDX,FUND_IDX,STORE_IDX,COUPON_PRICE,COUPON_TITLE,COUPON_CONTENT,COUPON_START_DATE,COUPON_END_DATE) values (5,2,null,'5000','5000원 할인 쿠폰','5000원 할인 쿠폰','2022.12.12','2022.12.16');
Insert into MAKEIT.COUPON (COUPON_IDX,FUND_IDX,STORE_IDX,COUPON_PRICE,COUPON_TITLE,COUPON_CONTENT,COUPON_START_DATE,COUPON_END_DATE) values (6,2,null,'5000','5000원 할인 쿠폰','5000원 할인 쿠폰','2022.12.12','2022.12.16');
Insert into MAKEIT.COUPON (COUPON_IDX,FUND_IDX,STORE_IDX,COUPON_PRICE,COUPON_TITLE,COUPON_CONTENT,COUPON_START_DATE,COUPON_END_DATE) values (3,4,11,'5000','5000원 할인 쿠폰','5000원 할인쿠폰','2022.12.12','2022.12.16');
Insert into MAKEIT.COUPON (COUPON_IDX,FUND_IDX,STORE_IDX,COUPON_PRICE,COUPON_TITLE,COUPON_CONTENT,COUPON_START_DATE,COUPON_END_DATE) values (1,4,1,'20000','20000원 할인 쿠폰','창립기념 20000원 할인 쿠폰','2022.12.12','2022.12.16');
Insert into MAKEIT.COUPON (COUPON_IDX,FUND_IDX,STORE_IDX,COUPON_PRICE,COUPON_TITLE,COUPON_CONTENT,COUPON_START_DATE,COUPON_END_DATE) values (2,4,1,'5000','5000원 할인 쿠폰','5000원 할인쿠폰','2022.12.12','2022.12.12');
Insert into MAKEIT.COUPON (COUPON_IDX,FUND_IDX,STORE_IDX,COUPON_PRICE,COUPON_TITLE,COUPON_CONTENT,COUPON_START_DATE,COUPON_END_DATE) values (6,4,1,'5000','5000원 할인 쿠폰','5000원 할인 쿠폰','2022.12.13','2022.12.12');
Insert into MAKEIT.COUPON (COUPON_IDX,FUND_IDX,STORE_IDX,COUPON_PRICE,COUPON_TITLE,COUPON_CONTENT,COUPON_START_DATE,COUPON_END_DATE) values (7,4,null,'5000','5000원 할인 쿠폰','5000원 할인 쿠폰','2022.12.13','2022.12.31');
Insert into MAKEIT.COUPON (COUPON_IDX,FUND_IDX,STORE_IDX,COUPON_PRICE,COUPON_TITLE,COUPON_CONTENT,COUPON_START_DATE,COUPON_END_DATE) values (8,4,null,'15000','15000원 할인 쿠폰','15000원 할인 쿠폰','2022.12.13','2022.12.31');
Insert into MAKEIT.COUPON (COUPON_IDX,FUND_IDX,STORE_IDX,COUPON_PRICE,COUPON_TITLE,COUPON_CONTENT,COUPON_START_DATE,COUPON_END_DATE) values (9,4,null,'20000','20000원 할인 쿠폰','20000원 할인 쿠폰','2022.12.13','2022.12.31');
REM INSERTING into MAKEIT.CS
SET DEFINE OFF;
Insert into MAKEIT.CS (CS_IDX,CS_TITLE,CS_CONTENT,CS_IMG,CS_DATE,CS_HIT,CS_CATEGORY,CS_SMALL_IMG,CS_HEART) values (5,'[서비스 안내] 글로벌/앵콜 펀딩 전자상거래법 적용 안내','글로벌/앵콜 펀딩에 적용 예정인 전자상거래법 관련 서비스 및 정책을 아래와 같이 안내드립니다. <br>

해외 유통 제품을 국내에 공식 유통하기 위한 목적으로 자금을 모으는 ‘글로벌 펀딩''을 진행해 오셨거나, 최초 펀딩 후 ‘앵콜 펀딩’을 적극 활용해오신 메이커 회원님께서는 아래 내용을 꼭 확인해 주시기를 부탁드립니다.
<br>


 1. 전자상거래법을 반영한 정책이 시행됩니다.
<br>
1) 주요 내용<br>

기존 펀딩과 동일한 리워드로 앵콜 펀딩 가능(상세 내용 아래)
<br>
 글로벌/앵콜 펀딩 단순 변심에 의한 반환 가능(상세 내용 아래)
<br><br>

2) 시행 시점
<br>

 21년 11월 1일 오전부터 스튜디오에서 글로벌/앵콜 펀딩 제출 가능
<br>
11월 18일부터 글로벌/앵콜 펀딩 상세 페이지 공개 및 서포터 펀딩 참여 가능
<br>
12월 14일부터 이후로 글로벌/앵콜 펀딩 종료일 설정 가능
<br>
단, 아래 조건 모두 충족할 경우 12월 1일 이후 종료 가능
<br>
  ⅰ. 리워드 발송 예정일&발송일이 12/14 이후인 경우
<br>
  ⅱ. 바로 정산 시작이 12/14 이후에 진행되어도 무방한 경우
<br>
*프로젝트 오픈 전 확정 일자 개별 안내 예정
<br><br><br><br>


2. 상세 내용
<br>
1) 기존 펀딩과 동일한 리워드를  펀딩 프로젝트로 진행하고 싶으신 경우, 앵콜 펀딩을 활용하실 수 있게 됩니다.
<br>

많은 메이커 회원님께서 적극적으로 전달해 주신 의견을 수렴하여 서포터 보호를 전제로, 메이커 회원님께 앵콜 펀딩이 갖는 효용성을 유지할 수 있도록 본 정책을 시행하게 되었습니다. 
<br>
메이커 회원님은 최초 펀딩 진행 후 각 사업의 상황에 따라 즉시 와디즈 스토어 입점 또는 앵콜 펀딩 진행 여부를 직접 판단하셔서 서비스를 자유롭게 이용하실 수 있습니다.
<br><br>

2) 글로벌/앵콜 펀딩에 전자상거래법이 적용됩니다.
<br>

단순 변심에 의한 펀딩금 반환 신청 가능
<br>
→ 배송 완료일 +7일 이내 리워드 하자 및 단순 변심인 경우 신청 가능
<br>
통신판매업 신고 서류 제출
<br><br><br><br><br><br>




※ 글로벌/앵콜 펀딩  확인 사항
<br>

통신판매업 신고가 가능한 사업자에 한하여 진행 가능합니다.
<br>
실제 배송 완료 시점과 펀딩금 반환 기준이 일치할 수 있도록 리워드 배송 후 반드시 스튜디오에서  발송 처리 부탁드립니다.
<br>
정산은 현 펀딩과 동일한 방식으로 2차에 나누어 진행됩니다.
<br>
전자상거래법에 따라, 소비자와 직접적인 상거래가 이루어지는 통신판매업을 하려는 모든 글로벌/앵콜 펀딩 메이커 회원님은 통신판매업 신고를 완료해 주셔야합니다. <br>11/1부터 스튜디오에서 ''구매안전서비스 이용확인증''을 내려 받아 통신판매업 신고를 완료한 후, 6개월 이내 발급받으신 통신판매업 신고증을 업로드하실 수 있습니다. <br>

<br><br><br><br>



자세한 사항은 글로벌/앵콜 펀딩 가이드 참고 부탁드리며  궁금한 점은  고객센터로 문의해 주세요.',null,to_date('2022/11/21','YYYY/MM/DD'),0,'NOTICE',null,33);
Insert into MAKEIT.CS (CS_IDX,CS_TITLE,CS_CONTENT,CS_IMG,CS_DATE,CS_HIT,CS_CATEGORY,CS_SMALL_IMG,CS_HEART) values (6,'[스토어] 추석 연휴 기간 와배송 상품 배송일정 안내','안녕하세요 서포터님.
라이프디자인 펀딩플랫폼 와디즈입니다.
2022년에도 변함없이 와디즈를 찾아주시는 서포터님께 진심으로 감사드립니다.
추석 연휴를 맞아 스토어 상품 배송 일정 관련 안내 드립니다.
▶추석 연휴 : 09/09(금)~09/12(월)
추석 연휴 기간으로 인해,  09/ 05 월요일 주문 건부터 택배사 상황에 따라  배송이 예정된 일정보다 지연될 수 있습니다.
추석 연휴 기간 주문 건(09/09~09/12)은  09/13 화요일부터 순차적으로 발송 될 예정이니,  상품이 안전하게 도착할 때 까지 조금만 더 기다려주세요!
자세한 스토어 배송 일정 및 프로젝트 관련하여 궁금한 점이 있으실 경우,  와디즈 고객센터(https://wadiz.channel.io)로 문의 부탁 드립니다.
▶고객센터 운영 시간 : 평일 오전 9시~오후 6시
즐거운 추석 명절 보내세요.감사합니다.',null,to_date('2022/11/21','YYYY/MM/DD'),0,'NOTICE',null,1);
Insert into MAKEIT.CS (CS_IDX,CS_TITLE,CS_CONTENT,CS_IMG,CS_DATE,CS_HIT,CS_CATEGORY,CS_SMALL_IMG,CS_HEART) values (8,'[펀딩] 전국 제철원물 상시 기획전 참여 안내',' ','notice_detail35.jpg,notice_detail36.jpg,notice_detail37.jpg,notice_detail38.jpg,notice_detail39.jpg',to_date('2022/11/21','YYYY/MM/DD'),0,'EVENT','notice2.jpg',0);
Insert into MAKEIT.CS (CS_IDX,CS_TITLE,CS_CONTENT,CS_IMG,CS_DATE,CS_HIT,CS_CATEGORY,CS_SMALL_IMG,CS_HEART) values (11,'[이벤트] MAKE-IT X 크래프트 서울ㅣ서포터클럽 회원 모두에게 무료입장 혜택!',' ','notice_detail40.jpg,notice_detail41.jpg,',to_date('2022/11/21','YYYY/MM/DD'),0,'EVENT','notice6.jpg',0);
Insert into MAKEIT.CS (CS_IDX,CS_TITLE,CS_CONTENT,CS_IMG,CS_DATE,CS_HIT,CS_CATEGORY,CS_SMALL_IMG,CS_HEART) values (12,'[모집] 펀딩탐험대 3기를 모집합니다!',' ','notice_detail28.jpg,notice_detail29.jpg,notice_detail30.jpg,notice_detail31.jpg,',to_date('2022/11/21','YYYY/MM/DD'),0,'EVENT','notice7.jpg',1);
Insert into MAKEIT.CS (CS_IDX,CS_TITLE,CS_CONTENT,CS_IMG,CS_DATE,CS_HIT,CS_CATEGORY,CS_SMALL_IMG,CS_HEART) values (13,'[펀딩] 진로 두꺼비 술장고 ',' ','notice_detail24.jpg,notice_detail25.jpg,notice_detail26.gif,notice_detail27.jpg',to_date('2022/11/21','YYYY/MM/DD'),0,'EVENT','notice8.jpg',0);
Insert into MAKEIT.CS (CS_IDX,CS_TITLE,CS_CONTENT,CS_IMG,CS_DATE,CS_HIT,CS_CATEGORY,CS_SMALL_IMG,CS_HEART) values (14,'[메이커 모집] 마음을 전할 수 있도록, 연말/연초 선물 기획전 메이커 모집',' ','notice_detail19.jpg,notice_detail20.jpg,notice_detail21.jpg,notice_detail22.jpg,notice_detail23.jpg',to_date('2022/11/21','YYYY/MM/DD'),0,'EVENT',null,0);
Insert into MAKEIT.CS (CS_IDX,CS_TITLE,CS_CONTENT,CS_IMG,CS_DATE,CS_HIT,CS_CATEGORY,CS_SMALL_IMG,CS_HEART) values (16,'메이커 금융지원 서비스 오픈 안내','와디즈의 메이커들은 펀딩 성공 이후 제품 개선과 마케팅 활동에 집중하여 더 성장하려는 목표를 가지고 있습니다.
와디즈파이낸스는 금융지원서비스를 통해 이런 메이커들에게 자금 문제를 해결할 수 있도록 지원하여
메이커가 와디즈를 통해 지속적으로 성장할 수 있는 환경을 만들고자 합니다.

와디즈의 자회사인 와디즈파이낸스와 와디즈파트너스에서 새롭게 제공되는
금융지원 서비스(링크 클릭)에 대해 다음과 같이 안내드립니다. 



1. 메이커론
메이커론은 펀딩 또는 스토어 등 와디즈 주식회사가 제공하는 서비스를 이용하는 메이커가
 제품의 개선 및 마케팅에 필요한 사업 운영자금을 마련할 수 있는 금융지원서비스 입니다. 

한도 : 최대 3천만원(보유 대출 한도와 무관)
신청 자격 : 스토어 입점 또는 입점 예정 메이커(개인사업자 포함)
                    팬즈메이커 선정 메이커(개인사업자 포함)


2. 메이커채권(무보증공모회사채)
메이커채권은 펀딩 또는 스토어 등 와디즈 주식회사가 제공하는 서비스를 이용하는 메이커가
 제품의 개선 및 마케팅에 필요한 사업 운영자금을 팬들로 부터 직접 조달할 수 있는 금융지원서비스 입니다. 

한도 : 최대 3억원
신청 자격 : 리워드 펀딩 성공 이력이 있는 법인사업자


3. IP 투자
IP 투자는 기업이 보유한 IP(브랜드, 지적재산권 등)를 활용해서 투자를 받는 금융지원서비스 입니다.

신청 자격 : 우수한 IP(브랜드, 지적 재산권) 보유 메이커


자세한 내용은 파이낸스 금융지원 서비스 안내 페이지(링크 클릭)를 참고해 주시기 바랍니다',null,to_date('2022/11/21','YYYY/MM/DD'),0,'NOTICE','notice1.jpg',6);
Insert into MAKEIT.CS (CS_IDX,CS_TITLE,CS_CONTENT,CS_IMG,CS_DATE,CS_HIT,CS_CATEGORY,CS_SMALL_IMG,CS_HEART) values (10,'[펀딩] 매주 새롭게 만나는 웹툰 굿즈, 네이버웹툰 웹툰 위크',' <p style="margin:0;"><a href="https://www.wadiz.kr/web/wreward/collection/naverwebtoonweek10" rel="noopener noreferrer" target="_blank"><img style="margin:0;" src="https://cdn.wadiz.kr/ft/images/green001/2022/1013/20221013170311150_94.jpg/wadiz/format/jpg/quality/80/optimize" class="fr-fic fr-dib"></a></p>','notice_detail32.jpg,notice_detail33.jpg',to_date('2022/11/21','YYYY/MM/DD'),0,'EVENT','notice5.jpg',0);
Insert into MAKEIT.CS (CS_IDX,CS_TITLE,CS_CONTENT,CS_IMG,CS_DATE,CS_HIT,CS_CATEGORY,CS_SMALL_IMG,CS_HEART) values (9,'[스토어] 따뜻한 겨울나기를 위한 월동준비 체크리스트',' ','notice_detail13.jpg,notice_detail14.jpg,notice_detail15.jpg,notice_detail16.jpg,notice_detail17.jpg,notice_detail18.jpg',to_date('2022/11/21','YYYY/MM/DD'),0,'EVENT','notice4.jpg',0);
Insert into MAKEIT.CS (CS_IDX,CS_TITLE,CS_CONTENT,CS_IMG,CS_DATE,CS_HIT,CS_CATEGORY,CS_SMALL_IMG,CS_HEART) values (15,'[펀딩] F/W시즌 알래스카 아웃도어 패션 기획전',' <p style="margin:0;"><a href="http://www.wadiz.kr/web/campaign/detail/152619" rel="noopener noreferrer" target="_blank"><img style="margin:0;" src="https://cdn.wadiz.kr/ft/images/green001/2022/0818/20220818144639118_95.png/wadiz/format/jpg/quality/80/optimize" class="fr-fic fr-dib"></a></p>
<p style="margin:0;"><a href="http://www.wadiz.kr/web/campaign/detail/152624" rel="noopener noreferrer" target="_blank"><img style="margin:0;" src="https://cdn.wadiz.kr/ft/images/green001/2022/0818/20220818144639687_95.png/wadiz/format/jpg/quality/80/optimize" class="fr-fic fr-dib"></a></p>','notice_detail1.gif,notice_detail2.jpg,notice_detail3.jpg,notice_detail4.jpg,notice_detail5.jpg,notice_detail6.jpg,notice_detail7.jpg,notice_detail8.jpg,notice_detail9.jpg,notice_detail10.jpg,notice_detail11.jpg,notice_detail12.jpg',to_date('2022/11/21','YYYY/MM/DD'),0,'EVENT','notice3.jpg',2);
Insert into MAKEIT.CS (CS_IDX,CS_TITLE,CS_CONTENT,CS_IMG,CS_DATE,CS_HIT,CS_CATEGORY,CS_SMALL_IMG,CS_HEART) values (20,'[서비스안내] 프리오더 서비스','서포터만을 위한 특별한 혜택이 가득한 프리오더 프로젝트를 만나보세요.





펀딩을 통해 출시되었거나 기존에 출시된 제품, 서비스, 콘텐츠를 특별한 구성•단독유통•한정판•최저가 혜택 등을 통해 서포터분에게 새로운 혜택을 제공하기 위한 서비스입니다.


글로벌 프로젝트
-해외에서 론칭된 리워드를 국내에서 공식적으로 만나볼 수 있는 프로젝트예요.  
-해외 제조사와 국내 정식 계약을 맺은 메이커님이 직접 오픈한 프로젝트입니다. 
-테크 제품은 메이커님이 국내 필수 인증과 A/S까지 보증해드리기 때문에, 해외 직구보다 안심하고 구매하실 수 있습니다.

앵콜 프로젝트
-많은 서포터님들의 응원을 받아 펀딩에 성공한 동일 리워드를 다시 만나볼 수 있는 프로젝트예요.
-이전 프로젝트의 만족도평가로 미리 후기를 살펴보고 참여해 보세요.

신선식품 프로젝트
-국내/해외 산지의 신선한 농•축•수산물을 만나보세요.

여행 프로젝트
-전 세계 곳곳을 여행할 수 있는 다양한 여행 패키지를 예약해 보세요.
-숙박부터 항공권까지 여행과 관련된 다양한 서비스가 담긴 프로젝트를 만나보세요.  




프리오더 서비스 정책 안내
하자/지연에 의한 펀딩금 반환이 가능합니다. 
리워드가 마음에 들지 않는 경우에도 단순변심에 의한 펀딩금 반환이 가능합니다. 




앞으로 프리오더 서비스를 통해 더 많은 프로젝트가 오픈될 예정이니, 기대해 주세요 😄






감사합니다.',null,to_date('2022/11/24','YYYY/MM/DD'),0,'NOTICE',null,7);
REM INSERTING into MAKEIT.CS_LIKE
SET DEFINE OFF;
Insert into MAKEIT.CS_LIKE (CS_LIKE_IDX,CS_IDX,MEMBER_ID) values (12,20,'hong123');
Insert into MAKEIT.CS_LIKE (CS_LIKE_IDX,CS_IDX,MEMBER_ID) values (2,16,'hong123');
Insert into MAKEIT.CS_LIKE (CS_LIKE_IDX,CS_IDX,MEMBER_ID) values (15,12,'FUND2');
Insert into MAKEIT.CS_LIKE (CS_LIKE_IDX,CS_IDX,MEMBER_ID) values (13,6,'FUND2');
Insert into MAKEIT.CS_LIKE (CS_LIKE_IDX,CS_IDX,MEMBER_ID) values (14,20,'FUND2');
Insert into MAKEIT.CS_LIKE (CS_LIKE_IDX,CS_IDX,MEMBER_ID) values (16,15,'tiger12');
Insert into MAKEIT.CS_LIKE (CS_LIKE_IDX,CS_IDX,MEMBER_ID) values (17,20,'tiger12');
Insert into MAKEIT.CS_LIKE (CS_LIKE_IDX,CS_IDX,MEMBER_ID) values (22,15,'wpgh123');
Insert into MAKEIT.CS_LIKE (CS_LIKE_IDX,CS_IDX,MEMBER_ID) values (19,5,'FUND2');
Insert into MAKEIT.CS_LIKE (CS_LIKE_IDX,CS_IDX,MEMBER_ID) values (21,20,'wpgh123');
REM INSERTING into MAKEIT.FOLLOW
SET DEFINE OFF;
Insert into MAKEIT.FOLLOW (FOLLOWING_ID,FOLLOWER_ID) values ('duck123','FUND2');
Insert into MAKEIT.FOLLOW (FOLLOWING_ID,FOLLOWER_ID) values ('jy123','tiger12');
Insert into MAKEIT.FOLLOW (FOLLOWING_ID,FOLLOWER_ID) values ('jy123','panda123');
Insert into MAKEIT.FOLLOW (FOLLOWING_ID,FOLLOWER_ID) values ('wpgh7778','duck123');
Insert into MAKEIT.FOLLOW (FOLLOWING_ID,FOLLOWER_ID) values ('panda123','duck123');
Insert into MAKEIT.FOLLOW (FOLLOWING_ID,FOLLOWER_ID) values ('jy123','duck123');
Insert into MAKEIT.FOLLOW (FOLLOWING_ID,FOLLOWER_ID) values ('cheetah45','whale5858');
Insert into MAKEIT.FOLLOW (FOLLOWING_ID,FOLLOWER_ID) values ('mouse1212','wpgh123');
Insert into MAKEIT.FOLLOW (FOLLOWING_ID,FOLLOWER_ID) values ('cat4545','jy123');
Insert into MAKEIT.FOLLOW (FOLLOWING_ID,FOLLOWER_ID) values ('pig12344','zebra11');
Insert into MAKEIT.FOLLOW (FOLLOWING_ID,FOLLOWER_ID) values ('wpgh1004','tiger12');
Insert into MAKEIT.FOLLOW (FOLLOWING_ID,FOLLOWER_ID) values ('wpgh7778','FUND2');
Insert into MAKEIT.FOLLOW (FOLLOWING_ID,FOLLOWER_ID) values ('seal1245','tiger12');
Insert into MAKEIT.FOLLOW (FOLLOWING_ID,FOLLOWER_ID) values ('panda123','tiger12');
Insert into MAKEIT.FOLLOW (FOLLOWING_ID,FOLLOWER_ID) values ('FUND2','tiger12');
Insert into MAKEIT.FOLLOW (FOLLOWING_ID,FOLLOWER_ID) values ('wpgh7778','tiger12');
Insert into MAKEIT.FOLLOW (FOLLOWING_ID,FOLLOWER_ID) values ('jaeheon','FUND2');
Insert into MAKEIT.FOLLOW (FOLLOWING_ID,FOLLOWER_ID) values ('panda123','wpgh123');
Insert into MAKEIT.FOLLOW (FOLLOWING_ID,FOLLOWER_ID) values ('wpgh7778','wpgh123');
Insert into MAKEIT.FOLLOW (FOLLOWING_ID,FOLLOWER_ID) values ('jy123','wpgh123');
Insert into MAKEIT.FOLLOW (FOLLOWING_ID,FOLLOWER_ID) values ('jy123','tiger12');
Insert into MAKEIT.FOLLOW (FOLLOWING_ID,FOLLOWER_ID) values ('jaeheon','wpgh123');
Insert into MAKEIT.FOLLOW (FOLLOWING_ID,FOLLOWER_ID) values ('jy123','panda123');
Insert into MAKEIT.FOLLOW (FOLLOWING_ID,FOLLOWER_ID) values ('duck123','FUND2');
Insert into MAKEIT.FOLLOW (FOLLOWING_ID,FOLLOWER_ID) values ('wpgh7778','duck123');
Insert into MAKEIT.FOLLOW (FOLLOWING_ID,FOLLOWER_ID) values ('panda123','duck123');
Insert into MAKEIT.FOLLOW (FOLLOWING_ID,FOLLOWER_ID) values ('jy123','duck123');
Insert into MAKEIT.FOLLOW (FOLLOWING_ID,FOLLOWER_ID) values ('cheetah45','whale5858');
Insert into MAKEIT.FOLLOW (FOLLOWING_ID,FOLLOWER_ID) values ('mouse1212','wpgh123');
Insert into MAKEIT.FOLLOW (FOLLOWING_ID,FOLLOWER_ID) values ('cat4545','jy123');
Insert into MAKEIT.FOLLOW (FOLLOWING_ID,FOLLOWER_ID) values ('pig12344','zebra11');
Insert into MAKEIT.FOLLOW (FOLLOWING_ID,FOLLOWER_ID) values ('wpgh1004','tiger12');
Insert into MAKEIT.FOLLOW (FOLLOWING_ID,FOLLOWER_ID) values ('wpgh7778','FUND2');
Insert into MAKEIT.FOLLOW (FOLLOWING_ID,FOLLOWER_ID) values ('seal1245','tiger12');
Insert into MAKEIT.FOLLOW (FOLLOWING_ID,FOLLOWER_ID) values ('panda123','tiger12');
Insert into MAKEIT.FOLLOW (FOLLOWING_ID,FOLLOWER_ID) values ('FUND2','tiger12');
Insert into MAKEIT.FOLLOW (FOLLOWING_ID,FOLLOWER_ID) values ('wpgh7778','tiger12');
Insert into MAKEIT.FOLLOW (FOLLOWING_ID,FOLLOWER_ID) values ('jaeheon','FUND2');
Insert into MAKEIT.FOLLOW (FOLLOWING_ID,FOLLOWER_ID) values ('panda123','wpgh123');
Insert into MAKEIT.FOLLOW (FOLLOWING_ID,FOLLOWER_ID) values ('FUND2','jaeheon');
Insert into MAKEIT.FOLLOW (FOLLOWING_ID,FOLLOWER_ID) values ('jy123','wpgh123');
Insert into MAKEIT.FOLLOW (FOLLOWING_ID,FOLLOWER_ID) values ('wpgh123','wpgh123');
Insert into MAKEIT.FOLLOW (FOLLOWING_ID,FOLLOWER_ID) values ('jaeheon','wpgh123');
Insert into MAKEIT.FOLLOW (FOLLOWING_ID,FOLLOWER_ID) values ('wpgh7778','jy123');
REM INSERTING into MAKEIT.FUND_LIKE
SET DEFINE OFF;
Insert into MAKEIT.FUND_LIKE (FUND_LIKE_IDX,FUND_IDX,MEMBER_ID) values (17,4,'wpgh123');
Insert into MAKEIT.FUND_LIKE (FUND_LIKE_IDX,FUND_IDX,MEMBER_ID) values (20,7,'jaeheon');
Insert into MAKEIT.FUND_LIKE (FUND_LIKE_IDX,FUND_IDX,MEMBER_ID) values (8,8,'FUND2');
Insert into MAKEIT.FUND_LIKE (FUND_LIKE_IDX,FUND_IDX,MEMBER_ID) values (44,55,'wpgh123');
Insert into MAKEIT.FUND_LIKE (FUND_LIKE_IDX,FUND_IDX,MEMBER_ID) values (7,4,'FUND2');
Insert into MAKEIT.FUND_LIKE (FUND_LIKE_IDX,FUND_IDX,MEMBER_ID) values (38,63,'wpgh123');
Insert into MAKEIT.FUND_LIKE (FUND_LIKE_IDX,FUND_IDX,MEMBER_ID) values (10,1,'panda123');
Insert into MAKEIT.FUND_LIKE (FUND_LIKE_IDX,FUND_IDX,MEMBER_ID) values (45,59,'wpgh123');
Insert into MAKEIT.FUND_LIKE (FUND_LIKE_IDX,FUND_IDX,MEMBER_ID) values (12,5,'wpgh123');
Insert into MAKEIT.FUND_LIKE (FUND_LIKE_IDX,FUND_IDX,MEMBER_ID) values (13,5,'tiger12');
Insert into MAKEIT.FUND_LIKE (FUND_LIKE_IDX,FUND_IDX,MEMBER_ID) values (14,3,'tiger12');
Insert into MAKEIT.FUND_LIKE (FUND_LIKE_IDX,FUND_IDX,MEMBER_ID) values (15,25,'wpgh123');
Insert into MAKEIT.FUND_LIKE (FUND_LIKE_IDX,FUND_IDX,MEMBER_ID) values (42,25,'jaeheon');
Insert into MAKEIT.FUND_LIKE (FUND_LIKE_IDX,FUND_IDX,MEMBER_ID) values (19,6,'jaeheon');
Insert into MAKEIT.FUND_LIKE (FUND_LIKE_IDX,FUND_IDX,MEMBER_ID) values (43,2,'wpgh123');
Insert into MAKEIT.FUND_LIKE (FUND_LIKE_IDX,FUND_IDX,MEMBER_ID) values (23,1,'jaeheon');
Insert into MAKEIT.FUND_LIKE (FUND_LIKE_IDX,FUND_IDX,MEMBER_ID) values (25,3,'jy123');
Insert into MAKEIT.FUND_LIKE (FUND_LIKE_IDX,FUND_IDX,MEMBER_ID) values (26,3,'asdas1');
Insert into MAKEIT.FUND_LIKE (FUND_LIKE_IDX,FUND_IDX,MEMBER_ID) values (27,3,'asdww');
Insert into MAKEIT.FUND_LIKE (FUND_LIKE_IDX,FUND_IDX,MEMBER_ID) values (28,3,'swj123');
Insert into MAKEIT.FUND_LIKE (FUND_LIKE_IDX,FUND_IDX,MEMBER_ID) values (29,3,'htht33');
Insert into MAKEIT.FUND_LIKE (FUND_LIKE_IDX,FUND_IDX,MEMBER_ID) values (30,3,'asd88');
Insert into MAKEIT.FUND_LIKE (FUND_LIKE_IDX,FUND_IDX,MEMBER_ID) values (31,3,'dsdf1');
Insert into MAKEIT.FUND_LIKE (FUND_LIKE_IDX,FUND_IDX,MEMBER_ID) values (32,3,'jgghy7');
Insert into MAKEIT.FUND_LIKE (FUND_LIKE_IDX,FUND_IDX,MEMBER_ID) values (33,3,'asdtt6');
Insert into MAKEIT.FUND_LIKE (FUND_LIKE_IDX,FUND_IDX,MEMBER_ID) values (34,3,'fhkkh55');
Insert into MAKEIT.FUND_LIKE (FUND_LIKE_IDX,FUND_IDX,MEMBER_ID) values (35,3,'ffehh3');
REM INSERTING into MAKEIT.FUND_OPTION
SET DEFINE OFF;
Insert into MAKEIT.FUND_OPTION (FUND_IDX,FUND_OPTION_PRICE,FUND_OPTION_CONTENT,FUND_OPTION_TITLE,MEMBER_ID,FUND_OPTION_IDX,FUND_OPTION_DELIVERY) values (4,49800,'힐링 박스 1개','[슈퍼 얼리버드] 힐링 박스 1개',null,null,'3000');
Insert into MAKEIT.FUND_OPTION (FUND_IDX,FUND_OPTION_PRICE,FUND_OPTION_CONTENT,FUND_OPTION_TITLE,MEMBER_ID,FUND_OPTION_IDX,FUND_OPTION_DELIVERY) values (1,27500,'10,000mAh 핫밴드 + 파우치 + 실리콘 스트랩 + 케이블','[수퍼얼리버드] 쿨린 핫밴드 손난로 보조배터리 단품 ',null,null,'3000');
Insert into MAKEIT.FUND_OPTION (FUND_IDX,FUND_OPTION_PRICE,FUND_OPTION_CONTENT,FUND_OPTION_TITLE,MEMBER_ID,FUND_OPTION_IDX,FUND_OPTION_DELIVERY) values (4,53800,'힐링 박스 1개','[얼리버드] 힐링 박스 1개',null,null,'3000');
Insert into MAKEIT.FUND_OPTION (FUND_IDX,FUND_OPTION_PRICE,FUND_OPTION_CONTENT,FUND_OPTION_TITLE,MEMBER_ID,FUND_OPTION_IDX,FUND_OPTION_DELIVERY) values (4,5900,'힐링 박스 전면의 도어 커버를 추가로 구매하실 수 있습니다.','[추가 옵션 01] 도어 커버 추가',null,null,'0');
Insert into MAKEIT.FUND_OPTION (FUND_IDX,FUND_OPTION_PRICE,FUND_OPTION_CONTENT,FUND_OPTION_TITLE,MEMBER_ID,FUND_OPTION_IDX,FUND_OPTION_DELIVERY) values (3,199000,'✅ 퓨전키보드 + 스마트커버 기본 탑재 구성 2개','[얼리버드] 퓨전키보드 - 유니버설 커플',null,null,'3000');
Insert into MAKEIT.FUND_OPTION (FUND_IDX,FUND_OPTION_PRICE,FUND_OPTION_CONTENT,FUND_OPTION_TITLE,MEMBER_ID,FUND_OPTION_IDX,FUND_OPTION_DELIVERY) values (6,106300,'맥세이프 통화 녹음기 (x1)','슈퍼 얼리버드 - 싱글',null,null,'3000');
Insert into MAKEIT.FUND_OPTION (FUND_IDX,FUND_OPTION_PRICE,FUND_OPTION_CONTENT,FUND_OPTION_TITLE,MEMBER_ID,FUND_OPTION_IDX,FUND_OPTION_DELIVERY) values (6,199700,'맥세이프 통화 녹음기 (x2)','슈퍼 얼리버드 - 더블',null,null,'3000');
Insert into MAKEIT.FUND_OPTION (FUND_IDX,FUND_OPTION_PRICE,FUND_OPTION_CONTENT,FUND_OPTION_TITLE,MEMBER_ID,FUND_OPTION_IDX,FUND_OPTION_DELIVERY) values (7,51000,'보풀제거기 (x1)','[슈퍼얼리버드] 싱글패키지',null,null,'3000');
Insert into MAKEIT.FUND_OPTION (FUND_IDX,FUND_OPTION_PRICE,FUND_OPTION_CONTENT,FUND_OPTION_TITLE,MEMBER_ID,FUND_OPTION_IDX,FUND_OPTION_DELIVERY) values (7,90000,'보풀제거기 (x2)','[슈퍼얼리버드] 더블패키지',null,null,'3000');
Insert into MAKEIT.FUND_OPTION (FUND_IDX,FUND_OPTION_PRICE,FUND_OPTION_CONTENT,FUND_OPTION_TITLE,MEMBER_ID,FUND_OPTION_IDX,FUND_OPTION_DELIVERY) values (68,51900,'킹스베리 900g 기준(14-20과 내외)','달콤한 명품 킹스베리 900g',null,null,'4000');
Insert into MAKEIT.FUND_OPTION (FUND_IDX,FUND_OPTION_PRICE,FUND_OPTION_CONTENT,FUND_OPTION_TITLE,MEMBER_ID,FUND_OPTION_IDX,FUND_OPTION_DELIVERY) values (69,53000,'펌키트 1개,속눈썹 영양제 1개','1인 추천 클리닉 세트',null,null,'0');
Insert into MAKEIT.FUND_OPTION (FUND_IDX,FUND_OPTION_PRICE,FUND_OPTION_CONTENT,FUND_OPTION_TITLE,MEMBER_ID,FUND_OPTION_IDX,FUND_OPTION_DELIVERY) values (60,69000,'데일리 꽃다발 이용권 3만원 x3회','데일리 꽃다발 이용권',null,null,'5000');
Insert into MAKEIT.FUND_OPTION (FUND_IDX,FUND_OPTION_PRICE,FUND_OPTION_CONTENT,FUND_OPTION_TITLE,MEMBER_ID,FUND_OPTION_IDX,FUND_OPTION_DELIVERY) values (71,12000,'실제매장에서 2인용으로 판매되는 기준이며, 밥없이도 두 분이 부족함 없이 드실 수 있는 양입니다.','안동에서 올라온 매콤치즈찜닭(2인용)',null,null,'3000');
Insert into MAKEIT.FUND_OPTION (FUND_IDX,FUND_OPTION_PRICE,FUND_OPTION_CONTENT,FUND_OPTION_TITLE,MEMBER_ID,FUND_OPTION_IDX,FUND_OPTION_DELIVERY) values (5,64500,'엑스캔 set 2ea ','슈퍼얼리버드 커플세트',null,null,'3000');
Insert into MAKEIT.FUND_OPTION (FUND_IDX,FUND_OPTION_PRICE,FUND_OPTION_CONTENT,FUND_OPTION_TITLE,MEMBER_ID,FUND_OPTION_IDX,FUND_OPTION_DELIVERY) values (5,299000,'엑스캔 set 10ea ','슈퍼 얼리버드 10set',null,null,'3000');
Insert into MAKEIT.FUND_OPTION (FUND_IDX,FUND_OPTION_PRICE,FUND_OPTION_CONTENT,FUND_OPTION_TITLE,MEMBER_ID,FUND_OPTION_IDX,FUND_OPTION_DELIVERY) values (2,15000,'펀드펀드','펀드펀드','FUND2',1,'3000');
Insert into MAKEIT.FUND_OPTION (FUND_IDX,FUND_OPTION_PRICE,FUND_OPTION_CONTENT,FUND_OPTION_TITLE,MEMBER_ID,FUND_OPTION_IDX,FUND_OPTION_DELIVERY) values (1,54000,'10,000mAh 핫밴드 2 + 파우치 2 + 실리콘 스트랩 2 + 케이블 2','[수퍼얼리버드] 쿨린 핫밴드 손난로 보조배터리 세트',null,null,'3000');
Insert into MAKEIT.FUND_OPTION (FUND_IDX,FUND_OPTION_PRICE,FUND_OPTION_CONTENT,FUND_OPTION_TITLE,MEMBER_ID,FUND_OPTION_IDX,FUND_OPTION_DELIVERY) values (3,119000,'✅ 퓨전키보드 + 스마트커버 기본 탑재 구성 1개','[얼리버드] 퓨전키보드 - 유니버설 1개',null,null,'3000');
Insert into MAKEIT.FUND_OPTION (FUND_IDX,FUND_OPTION_PRICE,FUND_OPTION_CONTENT,FUND_OPTION_TITLE,MEMBER_ID,FUND_OPTION_IDX,FUND_OPTION_DELIVERY) values (5,34900,'엑스캔 set 1ea ','슈퍼 얼리버드',null,null,'3000');
Insert into MAKEIT.FUND_OPTION (FUND_IDX,FUND_OPTION_PRICE,FUND_OPTION_CONTENT,FUND_OPTION_TITLE,MEMBER_ID,FUND_OPTION_IDX,FUND_OPTION_DELIVERY) values (8,55000,'BDO몬스터가정용진공포장기 핑크 [본체1pcs] ','기본구성 *특별혜택 500대한정',null,null,'3000');
Insert into MAKEIT.FUND_OPTION (FUND_IDX,FUND_OPTION_PRICE,FUND_OPTION_CONTENT,FUND_OPTION_TITLE,MEMBER_ID,FUND_OPTION_IDX,FUND_OPTION_DELIVERY) values (8,65000,'BDO몬스터가정용진공포장기 핑크 [본체1pcs]  + 진공비닐롤 5롤','기본구성 + 진공비닐롤',null,null,'3000');
Insert into MAKEIT.FUND_OPTION (FUND_IDX,FUND_OPTION_PRICE,FUND_OPTION_CONTENT,FUND_OPTION_TITLE,MEMBER_ID,FUND_OPTION_IDX,FUND_OPTION_DELIVERY) values (25,63200,'듀얼다지기 + 유리용기 2개 (2리터+0.6리터)','[얼리버드] 듀얼다지기 A',null,null,'3000');
Insert into MAKEIT.FUND_OPTION (FUND_IDX,FUND_OPTION_PRICE,FUND_OPTION_CONTENT,FUND_OPTION_TITLE,MEMBER_ID,FUND_OPTION_IDX,FUND_OPTION_DELIVERY) values (25,73200,'듀얼다지기 + 유리용기 2개 (2리터+0.6리터) + 칼날 헤드','[얼리버드] 듀얼다지기 B',null,null,'3000');
Insert into MAKEIT.FUND_OPTION (FUND_IDX,FUND_OPTION_PRICE,FUND_OPTION_CONTENT,FUND_OPTION_TITLE,MEMBER_ID,FUND_OPTION_IDX,FUND_OPTION_DELIVERY) values (67,48500,'닭가슴살 현미도시락 2키트+닭가슴살','식스밀 식단 도시락 닭가슴살만 6키트팩',null,null,'3500');
Insert into MAKEIT.FUND_OPTION (FUND_IDX,FUND_OPTION_PRICE,FUND_OPTION_CONTENT,FUND_OPTION_TITLE,MEMBER_ID,FUND_OPTION_IDX,FUND_OPTION_DELIVERY) values (54,57600,'퍼펙트 유황비누 100g 3개
퍼펙트 유황비누 30g  2개
비누케이스 1개','얼리버드 트리플',null,null,'0');
Insert into MAKEIT.FUND_OPTION (FUND_IDX,FUND_OPTION_PRICE,FUND_OPTION_CONTENT,FUND_OPTION_TITLE,MEMBER_ID,FUND_OPTION_IDX,FUND_OPTION_DELIVERY) values (55,117000,'-타이디 2.0 지갑 1개 
색상 7종 택1','[슈퍼얼리버드] 싱글',null,null,'0');
Insert into MAKEIT.FUND_OPTION (FUND_IDX,FUND_OPTION_PRICE,FUND_OPTION_CONTENT,FUND_OPTION_TITLE,MEMBER_ID,FUND_OPTION_IDX,FUND_OPTION_DELIVERY) values (57,29900,'이너헬스 1세트 +베러해빗 1세트','사료 취향 찾기 샘플 패키지',null,null,'3000');
Insert into MAKEIT.FUND_OPTION (FUND_IDX,FUND_OPTION_PRICE,FUND_OPTION_CONTENT,FUND_OPTION_TITLE,MEMBER_ID,FUND_OPTION_IDX,FUND_OPTION_DELIVERY) values (58,182000,'미레아펫 클로젯','미레아펫 클로젯',null,null,'10000');
Insert into MAKEIT.FUND_OPTION (FUND_IDX,FUND_OPTION_PRICE,FUND_OPTION_CONTENT,FUND_OPTION_TITLE,MEMBER_ID,FUND_OPTION_IDX,FUND_OPTION_DELIVERY) values (59,128000,'총 40개 = 플레인 20개 + 초코 20개','2023 가족식단팩 40개입',null,null,'0');
Insert into MAKEIT.FUND_OPTION (FUND_IDX,FUND_OPTION_PRICE,FUND_OPTION_CONTENT,FUND_OPTION_TITLE,MEMBER_ID,FUND_OPTION_IDX,FUND_OPTION_DELIVERY) values (70,69000,'러브 쇼파드 오 드 퍼퓸 30mL','러브 쇼파드 30mL 패키지',null,null,'0');
Insert into MAKEIT.FUND_OPTION (FUND_IDX,FUND_OPTION_PRICE,FUND_OPTION_CONTENT,FUND_OPTION_TITLE,MEMBER_ID,FUND_OPTION_IDX,FUND_OPTION_DELIVERY) values (63,79000,'멀티트래블백 베이지','슈퍼얼리버드 멀트트래블백 beige',null,null,'3000');
Insert into MAKEIT.FUND_OPTION (FUND_IDX,FUND_OPTION_PRICE,FUND_OPTION_CONTENT,FUND_OPTION_TITLE,MEMBER_ID,FUND_OPTION_IDX,FUND_OPTION_DELIVERY) values (65,37000,'파도팩 5팩','5팩',null,null,'3500');
REM INSERTING into MAKEIT.FUND_OPTION_TEMP
SET DEFINE OFF;
Insert into MAKEIT.FUND_OPTION_TEMP (FUND_IDX,FUND_OPTION_TITLE,FUND_OPTION_CONTENT,FUND_OPTION_PRICE,FUND_OPTION_DELIVERY,LAST_SAVE_DATE) values ('88','엑스캔 set 1 개','엑스캔 set 1 개','54000','3000','22/12/15');
Insert into MAKEIT.FUND_OPTION_TEMP (FUND_IDX,FUND_OPTION_TITLE,FUND_OPTION_CONTENT,FUND_OPTION_PRICE,FUND_OPTION_DELIVERY,LAST_SAVE_DATE) values ('88','엑스캔 set 2개','엑스캔 set 2개','75000','3000','22/12/15');
REM INSERTING into MAKEIT.FUND_PROJECT
SET DEFINE OFF;
Insert into MAKEIT.FUND_PROJECT (FUND_IDX,MEMBER_ID,FUND_TITLE,FUND_MEMBERSHIP,FUND_MAINIMG,FUND_DETAILIMG,FUND_CATEGORY,FUND_TARGET_PRICE,FUND_STARTDATE,FUND_ENDDATE,FUND_TAG,FUND_SUPPORTER,FUND_PRICE,FUND_MAKER_NAME,FUND_MAKER_IMG,FUND_MAKER_EMAIL,FUND_MAKER_HOMEPAGE,FUND_MAKER_CALLNUMBER,FUND_MAKER_ID) values (2,'wpgh123','FUND2','VIP','iphoneCase.png','iphoneCaseDetail1.png;iphoneCaseDetail2.png;iphoneCaseDetail3.png;iphoneCaseDetail4.png;iphoneCaseDetail5.png;iphoneCaseDetail6.png;iphoneCaseDetail7.png;iphoneCaseDetail8.png;iphoneCaseDetail9.png;iphoneCaseDetail10.png;iphoneCaseDetail11.png;iphoneCaseDetail12.png;iphoneCaseDetail13.png;iphoneCaseDetail14.png;iphoneCaseDetail15.png','테크·가전',2450000,to_date('2022/11/18','YYYY/MM/DD'),to_date('2022/12/26','YYYY/MM/DD'),'테크',100,500010,'ITWILL','none-profile.jpg','FUND@FUND.COM','WWW.FUNDMAKER.COM','02-552-0909','wpgh123');
Insert into MAKEIT.FUND_PROJECT (FUND_IDX,MEMBER_ID,FUND_TITLE,FUND_MEMBERSHIP,FUND_MAINIMG,FUND_DETAILIMG,FUND_CATEGORY,FUND_TARGET_PRICE,FUND_STARTDATE,FUND_ENDDATE,FUND_TAG,FUND_SUPPORTER,FUND_PRICE,FUND_MAKER_NAME,FUND_MAKER_IMG,FUND_MAKER_EMAIL,FUND_MAKER_HOMEPAGE,FUND_MAKER_CALLNUMBER,FUND_MAKER_ID) values (4,'wpgh7778','스마트폰만 넣으면 365일 언제 어디서나 불멍(힐링)끝~!','프로','4_Main_bmain.png','4_Story_bstory1.jpg;4_Story_bstory2.gif;4_Story_bstory3.gif;4_Story_bstory4.jpg;4_Story_bstory5.jpg;4_Story_bstory6.jpg;4_Story_bstory7.jpg;4_Story_bstory8.gif;','테크·가전',5000000,to_date('2022/12/15','YYYY/MM/DD'),to_date('2023/02/28','YYYY/MM/DD'),'불멍,화로,힐링,',0,267000,'무유디자인','4_Maker_메이커.png','moou@moou.com','https://www.moou.com','02-545-2202','jy123');
Insert into MAKEIT.FUND_PROJECT (FUND_IDX,MEMBER_ID,FUND_TITLE,FUND_MEMBERSHIP,FUND_MAINIMG,FUND_DETAILIMG,FUND_CATEGORY,FUND_TARGET_PRICE,FUND_STARTDATE,FUND_ENDDATE,FUND_TAG,FUND_SUPPORTER,FUND_PRICE,FUND_MAKER_NAME,FUND_MAKER_IMG,FUND_MAKER_EMAIL,FUND_MAKER_HOMEPAGE,FUND_MAKER_CALLNUMBER,FUND_MAKER_ID) values (3,'jy123','이제 키보드도 ''터치''하세요!','베이직','3_Main_kmain.jpg','3_Story_kstory1.gif;3_Story_kstory2.gif;3_Story_kstory3.gif;3_Story_kstory4.jpg;3_Story_kstory5.jpg;3_Story_kstory6.jpg;','테크·가전',5000000,to_date('2022/12/09','YYYY/MM/DD'),to_date('2023/03/31','YYYY/MM/DD'),'키보드,터치키보드,전자기기,',0,2782000,'(주)모키보','3_Maker_메이커이미지.png','mokibo@mokibo.com','https://www.mokibo.com','010-1234-5678','jy123');
Insert into MAKEIT.FUND_PROJECT (FUND_IDX,MEMBER_ID,FUND_TITLE,FUND_MEMBERSHIP,FUND_MAINIMG,FUND_DETAILIMG,FUND_CATEGORY,FUND_TARGET_PRICE,FUND_STARTDATE,FUND_ENDDATE,FUND_TAG,FUND_SUPPORTER,FUND_PRICE,FUND_MAKER_NAME,FUND_MAKER_IMG,FUND_MAKER_EMAIL,FUND_MAKER_HOMEPAGE,FUND_MAKER_CALLNUMBER,FUND_MAKER_ID) values (5,'FUND2','내비자동실행 차량용 무선충전기 엑스캔(XCAN) 듀얼','베이직','5_Main_main.png','5_Story_mstory1.gif;5_Story_mstory2.jpg;5_Story_mstory3.gif;5_Story_mstory4.jpg;5_Story_mstory5.jpg;5_Story_mstory6.gif;','테크·가전',4000000,to_date('2023/01/02','YYYY/MM/DD'),to_date('2023/04/03','YYYY/MM/DD'),'차량용충전기,고속충전기,무선충전기,',0,0,'(주)씨엔에이','5_Maker_maker.png','cna@cna.com','https://www.cna.com','02-454-1225','FUND2');
Insert into MAKEIT.FUND_PROJECT (FUND_IDX,MEMBER_ID,FUND_TITLE,FUND_MEMBERSHIP,FUND_MAINIMG,FUND_DETAILIMG,FUND_CATEGORY,FUND_TARGET_PRICE,FUND_STARTDATE,FUND_ENDDATE,FUND_TAG,FUND_SUPPORTER,FUND_PRICE,FUND_MAKER_NAME,FUND_MAKER_IMG,FUND_MAKER_EMAIL,FUND_MAKER_HOMEPAGE,FUND_MAKER_CALLNUMBER,FUND_MAKER_ID) values (25,'hong221208','[100만대 판매 명품 다지기] 초강력 420스텐 칼날, 듀얼 사이즈','라이트','25_Main_mmain.png','25_Story_mstory.gif;25_Story_mstory2.gif;25_Story_mstory3.gif;25_Story_mstory4.jpg;25_Story_mstory5.jpg;25_Story_mstory6.jpg;25_Story_mstory7.jpg;','테크·가전',4000000,to_date('2022/12/14','YYYY/MM/DD'),to_date('2023/03/01','YYYY/MM/DD'),'다지기,',0,1057000,'(주)에버홈','25_Maker_mmaker.png','everhome@everhome.com','https://www.everhome.com','02-451-5452','hong221208');
Insert into MAKEIT.FUND_PROJECT (FUND_IDX,MEMBER_ID,FUND_TITLE,FUND_MEMBERSHIP,FUND_MAINIMG,FUND_DETAILIMG,FUND_CATEGORY,FUND_TARGET_PRICE,FUND_STARTDATE,FUND_ENDDATE,FUND_TAG,FUND_SUPPORTER,FUND_PRICE,FUND_MAKER_NAME,FUND_MAKER_IMG,FUND_MAKER_EMAIL,FUND_MAKER_HOMEPAGE,FUND_MAKER_CALLNUMBER,FUND_MAKER_ID) values (7,'hong221208','N사 1등, 세탁소 보풀제거기 끝판왕','프로','7_Main_bmainImg.png','7_Story_bstory1.gif;7_Story_bstory2.jpg;7_Story_bstory3.gif;7_Story_bstory4.gif;7_Story_bstory5.jpg;7_Story_bstory6.jpg;7_Story_bstory7.jpg;7_Story_bstory8.jpg;','테크·가전',3000000,to_date('2022/12/12','YYYY/MM/DD'),to_date('2023/03/21','YYYY/MM/DD'),'보풀제거기,',0,0,'(주) 모모스','7_Maker_bmaker.png','momos@momos.com','https://www.momos.com','010-8454-1254','hong221208');
Insert into MAKEIT.FUND_PROJECT (FUND_IDX,MEMBER_ID,FUND_TITLE,FUND_MEMBERSHIP,FUND_MAINIMG,FUND_DETAILIMG,FUND_CATEGORY,FUND_TARGET_PRICE,FUND_STARTDATE,FUND_ENDDATE,FUND_TAG,FUND_SUPPORTER,FUND_PRICE,FUND_MAKER_NAME,FUND_MAKER_IMG,FUND_MAKER_EMAIL,FUND_MAKER_HOMEPAGE,FUND_MAKER_CALLNUMBER,FUND_MAKER_ID) values (8,'hong221208','몬스터 진공포장기로 경제적으로 보관하세요','라이트','8_Main_jmain.png','8_Story_jstory1.gif;8_Story_jstory2.gif;8_Story_jstory3.jpg;8_Story_jstory4.jpg;8_Story_jstory5.jpg;8_Story_jstory6.jpg;8_Story_jstory7.jpg;','테크·가전',5000000,to_date('2022/12/22','YYYY/MM/DD'),to_date('2023/04/03','YYYY/MM/DD'),'진공포장,',0,0,'(주) 비디오','8_Maker_jmaker.png','bdo@bdo.com','https://www.bdo.com','010-4554-5251','hong221208');
Insert into MAKEIT.FUND_PROJECT (FUND_IDX,MEMBER_ID,FUND_TITLE,FUND_MEMBERSHIP,FUND_MAINIMG,FUND_DETAILIMG,FUND_CATEGORY,FUND_TARGET_PRICE,FUND_STARTDATE,FUND_ENDDATE,FUND_TAG,FUND_SUPPORTER,FUND_PRICE,FUND_MAKER_NAME,FUND_MAKER_IMG,FUND_MAKER_EMAIL,FUND_MAKER_HOMEPAGE,FUND_MAKER_CALLNUMBER,FUND_MAKER_ID) values (6,'jy123','아이폰 유저들이 그토록 바라왔던 통화녹음! 아이폰 통화녹음기','라이트','6_Main_imain.png','6_Story_istory.gif;6_Story_istory2.jpg;6_Story_istory3.gif;6_Story_istory4.jpg;6_Story_istory5.jpg;6_Story_istory6.jpg;6_Story_istory7.jpg;6_Story_istory9.jpg;','테크·가전',3000000,to_date('2023/02/01','YYYY/MM/DD'),to_date('2023/04/01','YYYY/MM/DD'),'통화녹음,아이폰통화녹음,',0,0,'(주)뮨','6_Maker_imaker.png','mune@mune.com','https://www.mune.com','02-451-1245','jy123');
Insert into MAKEIT.FUND_PROJECT (FUND_IDX,MEMBER_ID,FUND_TITLE,FUND_MEMBERSHIP,FUND_MAINIMG,FUND_DETAILIMG,FUND_CATEGORY,FUND_TARGET_PRICE,FUND_STARTDATE,FUND_ENDDATE,FUND_TAG,FUND_SUPPORTER,FUND_PRICE,FUND_MAKER_NAME,FUND_MAKER_IMG,FUND_MAKER_EMAIL,FUND_MAKER_HOMEPAGE,FUND_MAKER_CALLNUMBER,FUND_MAKER_ID) values (55,'wpgh7778','글로벌 여행 매니아들이 인정한 여행 필수 지갑! TIDY 2.0','프로','55_Main_optimize.jpg','55_Story_optimize3.jpg;55_Story_optimize2.jpg;55_Story_optimize4.jpg;','패션·잡화',3500000,to_date('2022/12/15','YYYY/MM/DD'),to_date('2023/07/21','YYYY/MM/DD'),'지갑,',0,6000000,'Setoworks','55_Maker_optimize.jpg','setoworks@navbe.com',null,'010-5454-5454','wpgh7778');
Insert into MAKEIT.FUND_PROJECT (FUND_IDX,MEMBER_ID,FUND_TITLE,FUND_MEMBERSHIP,FUND_MAINIMG,FUND_DETAILIMG,FUND_CATEGORY,FUND_TARGET_PRICE,FUND_STARTDATE,FUND_ENDDATE,FUND_TAG,FUND_SUPPORTER,FUND_PRICE,FUND_MAKER_NAME,FUND_MAKER_IMG,FUND_MAKER_EMAIL,FUND_MAKER_HOMEPAGE,FUND_MAKER_CALLNUMBER,FUND_MAKER_ID) values (57,'wpgh7778','신장/방광부터 다이어트까지, 사료 취향 찾기 패키지 [샘플 13종]','라이트','57_Main_optimize.jpg','57_Story_optimize2.jpg;57_Story_optimize3.jpg;57_Story_optimize4.jpg;','반려동물',4000000,to_date('2022/12/17','YYYY/MM/DD'),to_date('2023/06/08','YYYY/MM/DD'),'반려견,댕댕이,',0,0,'어니스트밀 주식회사','57_Maker_optimize.jpg','laparope@nave.com',null,'010-5454-5454','wpgh7778');
Insert into MAKEIT.FUND_PROJECT (FUND_IDX,MEMBER_ID,FUND_TITLE,FUND_MEMBERSHIP,FUND_MAINIMG,FUND_DETAILIMG,FUND_CATEGORY,FUND_TARGET_PRICE,FUND_STARTDATE,FUND_ENDDATE,FUND_TAG,FUND_SUPPORTER,FUND_PRICE,FUND_MAKER_NAME,FUND_MAKER_IMG,FUND_MAKER_EMAIL,FUND_MAKER_HOMEPAGE,FUND_MAKER_CALLNUMBER,FUND_MAKER_ID) values (1,'jy123','온기 충전! 3단 발열 캠핑보조배터리','라이트','1_Main_main.jpg','1_Story_story1.jpg;1_Story_story3.gif;1_Story_story4.jpg;1_Story_story5.gif;1_Story_story6.jpg;1_Story_story7.gif;1_Story_story8.jpg;','테크·가전',1000000,to_date('2022/12/05','YYYY/MM/DD'),to_date('2023/04/01','YYYY/MM/DD'),'손난로,전자기기,보조배터리,',0,332300,'(주)명성','1_Maker_메이커이미지.png','myeongsung@mcs.com','https://www.myeongsung.com','010-1234-5678','jy123');
Insert into MAKEIT.FUND_PROJECT (FUND_IDX,MEMBER_ID,FUND_TITLE,FUND_MEMBERSHIP,FUND_MAINIMG,FUND_DETAILIMG,FUND_CATEGORY,FUND_TARGET_PRICE,FUND_STARTDATE,FUND_ENDDATE,FUND_TAG,FUND_SUPPORTER,FUND_PRICE,FUND_MAKER_NAME,FUND_MAKER_IMG,FUND_MAKER_EMAIL,FUND_MAKER_HOMEPAGE,FUND_MAKER_CALLNUMBER,FUND_MAKER_ID) values (54,'wpgh123','[20년간의 연구] 피부 변화의 시작 퍼펙트 유황비누','라이트','54_Main_optimize.jpg','54_Story_optimize2.jpg;54_Story_optimize3.jpg;','뷰티',5000000,to_date('2022/12/16','YYYY/MM/DD'),to_date('2022/12/31','YYYY/MM/DD'),'뷰티,유황비누,깨끗,',0,0,'라파로페','54_Maker_optimize.jpg','laparope@nave.com','https://www.moou.com','024-5441-4545','wpgh7778');
Insert into MAKEIT.FUND_PROJECT (FUND_IDX,MEMBER_ID,FUND_TITLE,FUND_MEMBERSHIP,FUND_MAINIMG,FUND_DETAILIMG,FUND_CATEGORY,FUND_TARGET_PRICE,FUND_STARTDATE,FUND_ENDDATE,FUND_TAG,FUND_SUPPORTER,FUND_PRICE,FUND_MAKER_NAME,FUND_MAKER_IMG,FUND_MAKER_EMAIL,FUND_MAKER_HOMEPAGE,FUND_MAKER_CALLNUMBER,FUND_MAKER_ID) values (58,'wpgh123','[반려견가구] 반려견을 키우신다면 주목! 자작나무로 만든 반려견용 가구','라이트','58_Main_optimize.jpg','58_Story_optimize2.jpg;58_Story_optimize3.jpg;58_Story_optimize5.jpg;','반려동물',3566200,to_date('2022/12/10','YYYY/MM/DD'),to_date('2022/12/17','YYYY/MM/DD'),'반려견,',0,3000000,'미레아우드','58_Maker_optimize.jpg','laparope@nave.com',null,'010-5454-5454','wpgh7778');
Insert into MAKEIT.FUND_PROJECT (FUND_IDX,MEMBER_ID,FUND_TITLE,FUND_MEMBERSHIP,FUND_MAINIMG,FUND_DETAILIMG,FUND_CATEGORY,FUND_TARGET_PRICE,FUND_STARTDATE,FUND_ENDDATE,FUND_TAG,FUND_SUPPORTER,FUND_PRICE,FUND_MAKER_NAME,FUND_MAKER_IMG,FUND_MAKER_EMAIL,FUND_MAKER_HOMEPAGE,FUND_MAKER_CALLNUMBER,FUND_MAKER_ID) values (59,'wpgh7778','[단백질15g 밀가루0g] #네이버디저트1위가 만든 식단관리 쌀빵!','프로','59_Main_optimize.jpg','59_Story_optimize2.jpg;59_Story_optimize3.jpg;59_Story_optimize5.jpg;','푸드',5565000,to_date('2022/12/14','YYYY/MM/DD'),to_date('2023/02/08','YYYY/MM/DD'),'빵,',0,200000,'안낭시에','59_Maker_optimize.jpg','laparope@nave.com',null,'010-5454-5454','wpgh7778');
Insert into MAKEIT.FUND_PROJECT (FUND_IDX,MEMBER_ID,FUND_TITLE,FUND_MEMBERSHIP,FUND_MAINIMG,FUND_DETAILIMG,FUND_CATEGORY,FUND_TARGET_PRICE,FUND_STARTDATE,FUND_ENDDATE,FUND_TAG,FUND_SUPPORTER,FUND_PRICE,FUND_MAKER_NAME,FUND_MAKER_IMG,FUND_MAKER_EMAIL,FUND_MAKER_HOMEPAGE,FUND_MAKER_CALLNUMBER,FUND_MAKER_ID) values (60,'wpgh7778','[꽃다발3회 이용권] 2023년 선물은 오늘의꽃으로 한번에 준비해요!','베이직','60_Main_optimize.jpg','60_Story_optimize2.jpg;60_Story_optimize3.jpg;','리빙·베이비',2300000,to_date('2022/12/08','YYYY/MM/DD'),to_date('2022/12/31','YYYY/MM/DD'),'꽃,다발,',0,23000,'주식회사 오늘의꽃','60_Maker_optimize.jpg','setoworks@navbe.com',null,'010-5454-5454','wpgh7778');
Insert into MAKEIT.FUND_PROJECT (FUND_IDX,MEMBER_ID,FUND_TITLE,FUND_MEMBERSHIP,FUND_MAINIMG,FUND_DETAILIMG,FUND_CATEGORY,FUND_TARGET_PRICE,FUND_STARTDATE,FUND_ENDDATE,FUND_TAG,FUND_SUPPORTER,FUND_PRICE,FUND_MAKER_NAME,FUND_MAKER_IMG,FUND_MAKER_EMAIL,FUND_MAKER_HOMEPAGE,FUND_MAKER_CALLNUMBER,FUND_MAKER_ID) values (65,'wpgh7778','단독|연매출 40억! 3달 기다려 먹는 레전드 <사과떡볶이>의 신제품','라이트','65_Main_optimize.jpg','65_Story_optimize2.jpg;65_Story_optimize3.jpg;65_Story_optimize4.jpg;','푸드',1700000,to_date('2022/12/16','YYYY/MM/DD'),to_date('2022/12/31','YYYY/MM/DD'),'사과떡볶이,존맛탱,다사먹으삼,',0,0,'사과떡볶이','65_Maker_optimize.jpg','laparope@nave.com',null,'024-5441-4545','wpgh7778');
Insert into MAKEIT.FUND_PROJECT (FUND_IDX,MEMBER_ID,FUND_TITLE,FUND_MEMBERSHIP,FUND_MAINIMG,FUND_DETAILIMG,FUND_CATEGORY,FUND_TARGET_PRICE,FUND_STARTDATE,FUND_ENDDATE,FUND_TAG,FUND_SUPPORTER,FUND_PRICE,FUND_MAKER_NAME,FUND_MAKER_IMG,FUND_MAKER_EMAIL,FUND_MAKER_HOMEPAGE,FUND_MAKER_CALLNUMBER,FUND_MAKER_ID) values (63,'wpgh7778','가방을 펼친다고? 한 눈에 짐 확인 가능한 1박2일 여행용백!','라이트','63_Main_optimize.jpg','63_Story_optimize3.jpg;63_Story_optimize2.jpg;63_Story_optimize4.jpg;','여행·스포츠',2352000,to_date('2022/12/15','YYYY/MM/DD'),to_date('2022/12/17','YYYY/MM/DD'),'여행,',0,0,'BRANDSCION','63_Maker_optimize.jpg','setoworks@navbe.com',null,'024-5441-4545','wpgh7778');
Insert into MAKEIT.FUND_PROJECT (FUND_IDX,MEMBER_ID,FUND_TITLE,FUND_MEMBERSHIP,FUND_MAINIMG,FUND_DETAILIMG,FUND_CATEGORY,FUND_TARGET_PRICE,FUND_STARTDATE,FUND_ENDDATE,FUND_TAG,FUND_SUPPORTER,FUND_PRICE,FUND_MAKER_NAME,FUND_MAKER_IMG,FUND_MAKER_EMAIL,FUND_MAKER_HOMEPAGE,FUND_MAKER_CALLNUMBER,FUND_MAKER_ID) values (67,'wpgh7778','[22년마지막앵콜I새해배송]베스트구성으로 돌아온 단백질39g 식단도시락','라이트','67_Main_optimize.jpg','67_Story_optimize2.jpg;67_Story_20221111150442714_1.gif;67_Story_20221111170718876_82.gif;','푸드',2424540,to_date('2022/12/09','YYYY/MM/DD'),to_date('2022/12/30','YYYY/MM/DD'),'다이어트,',0,2300000,'주식회사 원투나인푸드','67_Maker_optimize.jpg','setoworks@navbe.com',null,'010-5454-5454','wpgh7778');
Insert into MAKEIT.FUND_PROJECT (FUND_IDX,MEMBER_ID,FUND_TITLE,FUND_MEMBERSHIP,FUND_MAINIMG,FUND_DETAILIMG,FUND_CATEGORY,FUND_TARGET_PRICE,FUND_STARTDATE,FUND_ENDDATE,FUND_TAG,FUND_SUPPORTER,FUND_PRICE,FUND_MAKER_NAME,FUND_MAKER_IMG,FUND_MAKER_EMAIL,FUND_MAKER_HOMEPAGE,FUND_MAKER_CALLNUMBER,FUND_MAKER_ID) values (68,'wpgh7778','<GAP인증>일 년을 기다린 제철 킹스베리를 가장 달콤할 때 만나보세요!','베이직','68_Main_optimize.jpg','68_Story_optimize2.jpg;68_Story_optimize4.jpg;','푸드',12345000,to_date('2022/12/14','YYYY/MM/DD'),to_date('2022/12/29','YYYY/MM/DD'),'겨울은,딸기,달달,',0,50000,'레드이츠(LADEATS)','68_Maker_optimize.jpg','laparope@nave.com',null,'024-5441-4545','wpgh7778');
Insert into MAKEIT.FUND_PROJECT (FUND_IDX,MEMBER_ID,FUND_TITLE,FUND_MEMBERSHIP,FUND_MAINIMG,FUND_DETAILIMG,FUND_CATEGORY,FUND_TARGET_PRICE,FUND_STARTDATE,FUND_ENDDATE,FUND_TAG,FUND_SUPPORTER,FUND_PRICE,FUND_MAKER_NAME,FUND_MAKER_IMG,FUND_MAKER_EMAIL,FUND_MAKER_HOMEPAGE,FUND_MAKER_CALLNUMBER,FUND_MAKER_ID) values (69,'wpgh7778','[1.2억 업글] 손쉬운 저자극 셀프 속눈썹펌, 이제 뷰러 필요 없어요','프로','69_Main_20221028165550518_165326.gif','69_Story_optimize.jpg;69_Story_20221103130219965_83.gif;','뷰티',3564000,to_date('2022/12/14','YYYY/MM/DD'),to_date('2022/12/29','YYYY/MM/DD'),'속눈썹,약혐주의,',0,0,'리베미코퍼레이션','69_Maker_optimize.jpg','laparope@nave.com',null,'010-5454-5454','duck123');
Insert into MAKEIT.FUND_PROJECT (FUND_IDX,MEMBER_ID,FUND_TITLE,FUND_MEMBERSHIP,FUND_MAINIMG,FUND_DETAILIMG,FUND_CATEGORY,FUND_TARGET_PRICE,FUND_STARTDATE,FUND_ENDDATE,FUND_TAG,FUND_SUPPORTER,FUND_PRICE,FUND_MAKER_NAME,FUND_MAKER_IMG,FUND_MAKER_EMAIL,FUND_MAKER_HOMEPAGE,FUND_MAKER_CALLNUMBER,FUND_MAKER_ID) values (70,'duck123','[전세계 단4명] 쇼파드-마스터퍼퓨머가 조향한 가장높은 레벨의 장미향','프로','70_Main_20221114164925207_169393.gif','70_Story_optimize.jpg;70_Story_optimize2.jpg;70_Story_20221116112828759_71.gif;','뷰티',2336000,to_date('2022/12/14','YYYY/MM/DD'),to_date('2022/12/30','YYYY/MM/DD'),'장미향,',0,0,'주식회사 금비비앤피','70_Maker_20221114164925207_169393.gif','laparope@nave.com',null,'010-5454-5454','duck123');
Insert into MAKEIT.FUND_PROJECT (FUND_IDX,MEMBER_ID,FUND_TITLE,FUND_MEMBERSHIP,FUND_MAINIMG,FUND_DETAILIMG,FUND_CATEGORY,FUND_TARGET_PRICE,FUND_STARTDATE,FUND_ENDDATE,FUND_TAG,FUND_SUPPORTER,FUND_PRICE,FUND_MAKER_NAME,FUND_MAKER_IMG,FUND_MAKER_EMAIL,FUND_MAKER_HOMEPAGE,FUND_MAKER_CALLNUMBER,FUND_MAKER_ID) values (71,'duck123','늘어도 너무 늘어나는 치즈에 안동 찜닭. 너로 찜했닭!','라이트','71_Main_optimize.jpg','71_Story_optimize2.jpg;','푸드',3500000,to_date('2022/12/15','YYYY/MM/DD'),to_date('2022/12/30','YYYY/MM/DD'),'피자,',0,30000,'주식회사 어썸푸드','71_Maker_optimize.jpg','laparope@nave.com',null,'010-5454-5454','duck123');
REM INSERTING into MAKEIT.FUND_QNA
SET DEFINE OFF;
Insert into MAKEIT.FUND_QNA (MEMBER_ID,FUND_IDX,FUND_QNA_IDX,FUND_QNA_TITLE,FUND_QNA_CONTENT,FUND_QNA_DATE,FUND_QNA_CATEGORY,STATUS_CHANGE) values ('wpgh123',2,1,'교환교환 구교환','교환교환 구교환',to_date('2022/12/06','YYYY/MM/DD'),'교환/변경',0);
Insert into MAKEIT.FUND_QNA (MEMBER_ID,FUND_IDX,FUND_QNA_IDX,FUND_QNA_TITLE,FUND_QNA_CONTENT,FUND_QNA_DATE,FUND_QNA_CATEGORY,STATUS_CHANGE) values ('FUND2',2,2,'기타기타 통기타','기타기타 통기타',to_date('2022/12/06','YYYY/MM/DD'),'기타',0);
Insert into MAKEIT.FUND_QNA (MEMBER_ID,FUND_IDX,FUND_QNA_IDX,FUND_QNA_TITLE,FUND_QNA_CONTENT,FUND_QNA_DATE,FUND_QNA_CATEGORY,STATUS_CHANGE) values ('wpgh123',4,3,'반품','반품',to_date('2022/12/13','YYYY/MM/DD'),'반품/취소',0);
Insert into MAKEIT.FUND_QNA (MEMBER_ID,FUND_IDX,FUND_QNA_IDX,FUND_QNA_TITLE,FUND_QNA_CONTENT,FUND_QNA_DATE,FUND_QNA_CATEGORY,STATUS_CHANGE) values ('jaeheon',4,4,'교환교환 구교환','교환교환 구교환',to_date('2022/12/13','YYYY/MM/DD'),'교환/변경',0);
Insert into MAKEIT.FUND_QNA (MEMBER_ID,FUND_IDX,FUND_QNA_IDX,FUND_QNA_TITLE,FUND_QNA_CONTENT,FUND_QNA_DATE,FUND_QNA_CATEGORY,STATUS_CHANGE) values ('jaeheon',8,5,'교환교환 구교환','교환교환 구교환',to_date('2022/12/13','YYYY/MM/DD'),'교환/변경',0);
Insert into MAKEIT.FUND_QNA (MEMBER_ID,FUND_IDX,FUND_QNA_IDX,FUND_QNA_TITLE,FUND_QNA_CONTENT,FUND_QNA_DATE,FUND_QNA_CATEGORY,STATUS_CHANGE) values ('jaeheon',6,6,'교환교환 구교환','교환교환 구교환',to_date('2022/12/13','YYYY/MM/DD'),'교환/변경',0);
Insert into MAKEIT.FUND_QNA (MEMBER_ID,FUND_IDX,FUND_QNA_IDX,FUND_QNA_TITLE,FUND_QNA_CONTENT,FUND_QNA_DATE,FUND_QNA_CATEGORY,STATUS_CHANGE) values ('jaeheon',7,7,'교환교환 구교환','교환교환 구교환',to_date('2022/12/13','YYYY/MM/DD'),'교환/변경',0);
Insert into MAKEIT.FUND_QNA (MEMBER_ID,FUND_IDX,FUND_QNA_IDX,FUND_QNA_TITLE,FUND_QNA_CONTENT,FUND_QNA_DATE,FUND_QNA_CATEGORY,STATUS_CHANGE) values ('jaeheon',1,8,'교환교환 구교환','교환교환 구교환',to_date('2022/12/13','YYYY/MM/DD'),'교환/변경',0);
Insert into MAKEIT.FUND_QNA (MEMBER_ID,FUND_IDX,FUND_QNA_IDX,FUND_QNA_TITLE,FUND_QNA_CONTENT,FUND_QNA_DATE,FUND_QNA_CATEGORY,STATUS_CHANGE) values ('jaeheon',5,9,'교환교환 구교환','교환교환 구교환',to_date('2022/12/13','YYYY/MM/DD'),'교환/변경',0);
Insert into MAKEIT.FUND_QNA (MEMBER_ID,FUND_IDX,FUND_QNA_IDX,FUND_QNA_TITLE,FUND_QNA_CONTENT,FUND_QNA_DATE,FUND_QNA_CATEGORY,STATUS_CHANGE) values ('jaeheon',3,10,'배송 언제 시작 하나요?!','배송 언제 시작 하나요?!',to_date('2022/12/15','YYYY/MM/DD'),'배송',0);
Insert into MAKEIT.FUND_QNA (MEMBER_ID,FUND_IDX,FUND_QNA_IDX,FUND_QNA_TITLE,FUND_QNA_CONTENT,FUND_QNA_DATE,FUND_QNA_CATEGORY,STATUS_CHANGE) values ('jaeheon',59,11,'반품','반품',to_date('2022/12/15','YYYY/MM/DD'),'반품/취소',0);
Insert into MAKEIT.FUND_QNA (MEMBER_ID,FUND_IDX,FUND_QNA_IDX,FUND_QNA_TITLE,FUND_QNA_CONTENT,FUND_QNA_DATE,FUND_QNA_CATEGORY,STATUS_CHANGE) values ('wpgh123',5,12,'배송 얼마나 걸리나요?','배송 얼마나 걸리나요?',to_date('2022/12/15','YYYY/MM/DD'),'배송',0);
REM INSERTING into MAKEIT.FUND_QNA_RE
SET DEFINE OFF;
REM INSERTING into MAKEIT.FUND_REVIEW
SET DEFINE OFF;
Insert into MAKEIT.FUND_REVIEW (FUND_REVIEW_IDX,FUND_IDX,MEMBER_ID,FUND_REVIEW_IMG,FUND_REVIEW_SCORE,FUND_REVIEW_CONTENT,FUND_REVIEW_REGDATE) values (46,6,'jaeheon','통화 녹음기.png',5,'녹음이 너무 잘돼서 파리 날개짓 소리까지 들리네요
성능 짱짱!',to_date('2022/12/13','YYYY/MM/DD'));
Insert into MAKEIT.FUND_REVIEW (FUND_REVIEW_IDX,FUND_IDX,MEMBER_ID,FUND_REVIEW_IMG,FUND_REVIEW_SCORE,FUND_REVIEW_CONTENT,FUND_REVIEW_REGDATE) values (47,8,'jaeheon','진공 포장png.png',4,'진공 포장기 흡입력이 너무 좋아서 가끔 청소기로도 사용합니다!',to_date('2022/12/13','YYYY/MM/DD'));
Insert into MAKEIT.FUND_REVIEW (FUND_REVIEW_IDX,FUND_IDX,MEMBER_ID,FUND_REVIEW_IMG,FUND_REVIEW_SCORE,FUND_REVIEW_CONTENT,FUND_REVIEW_REGDATE) values (44,5,'jaeheon','무선 충전거치대.png',4,'충전이 너무 잘되서 뒷자리에서도 무선 충전 됩니다!',to_date('2022/12/13','YYYY/MM/DD'));
Insert into MAKEIT.FUND_REVIEW (FUND_REVIEW_IDX,FUND_IDX,MEMBER_ID,FUND_REVIEW_IMG,FUND_REVIEW_SCORE,FUND_REVIEW_CONTENT,FUND_REVIEW_REGDATE) values (45,3,'jaeheon','키보드.jpg',4,'키보드가 너무 부드러워서 손가락이 미끄러져요! ',to_date('2022/12/13','YYYY/MM/DD'));
Insert into MAKEIT.FUND_REVIEW (FUND_REVIEW_IDX,FUND_IDX,MEMBER_ID,FUND_REVIEW_IMG,FUND_REVIEW_SCORE,FUND_REVIEW_CONTENT,FUND_REVIEW_REGDATE) values (48,25,'jaeheon','명품 다지기.png',5,'너무 잘 다져져서 모든게 가루가 될정도네요 최고최고 ~',to_date('2022/12/13','YYYY/MM/DD'));
Insert into MAKEIT.FUND_REVIEW (FUND_REVIEW_IDX,FUND_IDX,MEMBER_ID,FUND_REVIEW_IMG,FUND_REVIEW_SCORE,FUND_REVIEW_CONTENT,FUND_REVIEW_REGDATE) values (49,1,'jaeheon','손난로.jpg',1,'욕쟁이제호욕쟁이제호욕쟁이제호욕쟁이제호욕쟁이제호욕쟁이제호욕쟁이제호욕쟁이제호욕쟁이제호욕쟁이제호욕쟁이제호욕쟁이제호욕쟁이제호욕쟁이제호욕쟁이제호욕쟁이제호욕쟁이제호욕쟁이제호욕쟁이제호욕쟁이제호욕쟁이제호욕쟁이제호욕쟁이제호욕쟁이제호욕쟁이제호욕쟁이제호욕쟁이제호',to_date('2022/12/14','YYYY/MM/DD'));
Insert into MAKEIT.FUND_REVIEW (FUND_REVIEW_IDX,FUND_IDX,MEMBER_ID,FUND_REVIEW_IMG,FUND_REVIEW_SCORE,FUND_REVIEW_CONTENT,FUND_REVIEW_REGDATE) values (42,4,'jaeheon','불멍.png',5,'진짜 불멍하는거 같아서 24시간동안 멍때렷네요',to_date('2022/12/13','YYYY/MM/DD'));
Insert into MAKEIT.FUND_REVIEW (FUND_REVIEW_IDX,FUND_IDX,MEMBER_ID,FUND_REVIEW_IMG,FUND_REVIEW_SCORE,FUND_REVIEW_CONTENT,FUND_REVIEW_REGDATE) values (41,7,'jaeheon','7_Main_bmainImg.png',5,'보풀제거하다가 옷까지 제거가 될정도로 성능이 최고네요',to_date('2022/12/13','YYYY/MM/DD'));
REM INSERTING into MAKEIT.FUND_SUPPORTER
SET DEFINE OFF;
Insert into MAKEIT.FUND_SUPPORTER (MEMBER_ID,FUND_IDX,FUND_PRICE) values ('FUND2',2,100000000);
Insert into MAKEIT.FUND_SUPPORTER (MEMBER_ID,FUND_IDX,FUND_PRICE) values ('jy123',4,267000);
Insert into MAKEIT.FUND_SUPPORTER (MEMBER_ID,FUND_IDX,FUND_PRICE) values ('jaeheon',3,202000);
REM INSERTING into MAKEIT.FUND_TEAM
SET DEFINE OFF;
Insert into MAKEIT.FUND_TEAM (FUND_IDX,FUND_TEAMMEMBER,AUTHKEY,AUTHSTATUS,MEMBER_NAME) values ('6','ghu65061@gmail.com','ddddd','수락 대기중','김지영');
Insert into MAKEIT.FUND_TEAM (FUND_IDX,FUND_TEAMMEMBER,AUTHKEY,AUTHSTATUS,MEMBER_NAME) values ('23','hong221208@gmail.com','n9FCduZOcH','수락 대기중','홍길동');
Insert into MAKEIT.FUND_TEAM (FUND_IDX,FUND_TEAMMEMBER,AUTHKEY,AUTHSTATUS,MEMBER_NAME) values ('23','ghu65061@gmail.com','TREnRwAjKk','멤버 등록','김지영');
Insert into MAKEIT.FUND_TEAM (FUND_IDX,FUND_TEAMMEMBER,AUTHKEY,AUTHSTATUS,MEMBER_NAME) values ('23','hong221208@gmail.com','TP7HXZhQGQ','수락 대기중','홍길동');
Insert into MAKEIT.FUND_TEAM (FUND_IDX,FUND_TEAMMEMBER,AUTHKEY,AUTHSTATUS,MEMBER_NAME) values ('23','ghu65061@gmail.com','MJBl11wnV1','수락 대기중','김지영');
Insert into MAKEIT.FUND_TEAM (FUND_IDX,FUND_TEAMMEMBER,AUTHKEY,AUTHSTATUS,MEMBER_NAME) values ('24','FUND2@FUND.COM','dapbPZYus9','수락 대기중','이순신');
Insert into MAKEIT.FUND_TEAM (FUND_IDX,FUND_TEAMMEMBER,AUTHKEY,AUTHSTATUS,MEMBER_NAME) values ('25','ghu65061@gmail.com','y9CHln1mn3','수락 대기중','김지영');
Insert into MAKEIT.FUND_TEAM (FUND_IDX,FUND_TEAMMEMBER,AUTHKEY,AUTHSTATUS,MEMBER_NAME) values ('25','hong221208@gmail.com','m01YkoET02','수락 대기중','홍길동');
Insert into MAKEIT.FUND_TEAM (FUND_IDX,FUND_TEAMMEMBER,AUTHKEY,AUTHSTATUS,MEMBER_NAME) values ('4','FUND2@FUND.COM',null,'수락 대기중','이순신');
Insert into MAKEIT.FUND_TEAM (FUND_IDX,FUND_TEAMMEMBER,AUTHKEY,AUTHSTATUS,MEMBER_NAME) values ('4','hong221208@gmail.com',null,'수락 대기중','홍길동');
Insert into MAKEIT.FUND_TEAM (FUND_IDX,FUND_TEAMMEMBER,AUTHKEY,AUTHSTATUS,MEMBER_NAME) values ('33','ghu65061@gmail.com','i3QB1zcX7M','수락 대기중','김지영');
Insert into MAKEIT.FUND_TEAM (FUND_IDX,FUND_TEAMMEMBER,AUTHKEY,AUTHSTATUS,MEMBER_NAME) values ('3','lee12@gmail.com','2ssdfsa','수락 대기중','이순신');
Insert into MAKEIT.FUND_TEAM (FUND_IDX,FUND_TEAMMEMBER,AUTHKEY,AUTHSTATUS,MEMBER_NAME) values ('35','FUND2@FUND.COM','3qyGfuantc','수락 대기중','이순신');
Insert into MAKEIT.FUND_TEAM (FUND_IDX,FUND_TEAMMEMBER,AUTHKEY,AUTHSTATUS,MEMBER_NAME) values ('72','ghu65061@gmail.com','rtbHHAqB49','멤버 등록','김도유');
Insert into MAKEIT.FUND_TEAM (FUND_IDX,FUND_TEAMMEMBER,AUTHKEY,AUTHSTATUS,MEMBER_NAME) values ('3','ulji552@gmail.com','dsf3das','수락 대기중','을지문덕');
Insert into MAKEIT.FUND_TEAM (FUND_IDX,FUND_TEAMMEMBER,AUTHKEY,AUTHSTATUS,MEMBER_NAME) values ('51','ghu65061@gmail.com','xl2bEIY11m','수락 대기중','김도유');
Insert into MAKEIT.FUND_TEAM (FUND_IDX,FUND_TEAMMEMBER,AUTHKEY,AUTHSTATUS,MEMBER_NAME) values ('52','ghu65061@gmail.com',null,'멤버 등록','김도유');
Insert into MAKEIT.FUND_TEAM (FUND_IDX,FUND_TEAMMEMBER,AUTHKEY,AUTHSTATUS,MEMBER_NAME) values ('6','ghu65061@gmail.com','ddddd','수락 대기중','김지영');
Insert into MAKEIT.FUND_TEAM (FUND_IDX,FUND_TEAMMEMBER,AUTHKEY,AUTHSTATUS,MEMBER_NAME) values ('72','ghu65061@gmail.com','GPYXQABKg9','수락 대기중','김도유');
Insert into MAKEIT.FUND_TEAM (FUND_IDX,FUND_TEAMMEMBER,AUTHKEY,AUTHSTATUS,MEMBER_NAME) values ('72','FUND2@FUND.COM','36LUwitobp','수락 대기중','이순신');
Insert into MAKEIT.FUND_TEAM (FUND_IDX,FUND_TEAMMEMBER,AUTHKEY,AUTHSTATUS,MEMBER_NAME) values ('23','hong221208@gmail.com','n9FCduZOcH','수락 대기중','홍길동');
Insert into MAKEIT.FUND_TEAM (FUND_IDX,FUND_TEAMMEMBER,AUTHKEY,AUTHSTATUS,MEMBER_NAME) values ('23','ghu65061@gmail.com','TREnRwAjKk','멤버 등록','김지영');
Insert into MAKEIT.FUND_TEAM (FUND_IDX,FUND_TEAMMEMBER,AUTHKEY,AUTHSTATUS,MEMBER_NAME) values ('23','hong221208@gmail.com','TP7HXZhQGQ','수락 대기중','홍길동');
Insert into MAKEIT.FUND_TEAM (FUND_IDX,FUND_TEAMMEMBER,AUTHKEY,AUTHSTATUS,MEMBER_NAME) values ('23','ghu65061@gmail.com','MJBl11wnV1','수락 대기중','김지영');
Insert into MAKEIT.FUND_TEAM (FUND_IDX,FUND_TEAMMEMBER,AUTHKEY,AUTHSTATUS,MEMBER_NAME) values ('24','FUND2@FUND.COM','dapbPZYus9','수락 대기중','이순신');
Insert into MAKEIT.FUND_TEAM (FUND_IDX,FUND_TEAMMEMBER,AUTHKEY,AUTHSTATUS,MEMBER_NAME) values ('25','ghu65061@gmail.com','y9CHln1mn3','수락 대기중','김지영');
Insert into MAKEIT.FUND_TEAM (FUND_IDX,FUND_TEAMMEMBER,AUTHKEY,AUTHSTATUS,MEMBER_NAME) values ('25','hong221208@gmail.com','m01YkoET02','수락 대기중','홍길동');
Insert into MAKEIT.FUND_TEAM (FUND_IDX,FUND_TEAMMEMBER,AUTHKEY,AUTHSTATUS,MEMBER_NAME) values ('4','FUND2@FUND.COM',null,'수락 대기중','이순신');
Insert into MAKEIT.FUND_TEAM (FUND_IDX,FUND_TEAMMEMBER,AUTHKEY,AUTHSTATUS,MEMBER_NAME) values ('4','hong221208@gmail.com',null,'수락 대기중','홍길동');
Insert into MAKEIT.FUND_TEAM (FUND_IDX,FUND_TEAMMEMBER,AUTHKEY,AUTHSTATUS,MEMBER_NAME) values ('33','ghu65061@gmail.com','i3QB1zcX7M','수락 대기중','김지영');
Insert into MAKEIT.FUND_TEAM (FUND_IDX,FUND_TEAMMEMBER,AUTHKEY,AUTHSTATUS,MEMBER_NAME) values ('35','FUND2@FUND.COM','3qyGfuantc','수락 대기중','이순신');
Insert into MAKEIT.FUND_TEAM (FUND_IDX,FUND_TEAMMEMBER,AUTHKEY,AUTHSTATUS,MEMBER_NAME) values ('72','ghu65061@gmail.com','rtbHHAqB49','멤버 등록','김도유');
Insert into MAKEIT.FUND_TEAM (FUND_IDX,FUND_TEAMMEMBER,AUTHKEY,AUTHSTATUS,MEMBER_NAME) values ('51','ghu65061@gmail.com','xl2bEIY11m','수락 대기중','김도유');
Insert into MAKEIT.FUND_TEAM (FUND_IDX,FUND_TEAMMEMBER,AUTHKEY,AUTHSTATUS,MEMBER_NAME) values ('52','ghu65061@gmail.com',null,'멤버 등록','김도유');
Insert into MAKEIT.FUND_TEAM (FUND_IDX,FUND_TEAMMEMBER,AUTHKEY,AUTHSTATUS,MEMBER_NAME) values ('3','ghu65061@gmail.com',null,'멤버 등록','김지영');
REM INSERTING into MAKEIT.FUND_TEMP
SET DEFINE OFF;
Insert into MAKEIT.FUND_TEMP (FUND_IDX,MEMBER_ID,FUND_TITLE,FUND_MEMBERSHIP,FUND_MAINIMG,FUND_DETAILIMG,FUND_CATEGORY,FUND_TARGET_PRICE,FUND_STARTDATE,FUND_ENDDATE,FUND_TAG,FUND_MAKER_NAME,FUND_MAKER_IMG,FUND_MAKER_EMAIL,FUND_MAKER_HOMEPAGE,FUND_MAKER_CALLNUMBER,LAST_SAVE_DATE,FUND_TEAMMEMBER) values ('3','jy123','1','라이트','3_Main_maker.png',null,'컬쳐·아티스트','2500000','2022-12-15','2022-12-29','태그,테스트,',null,null,null,null,null,'22/12/15',null);
Insert into MAKEIT.FUND_TEMP (FUND_IDX,MEMBER_ID,FUND_TITLE,FUND_MEMBERSHIP,FUND_MAINIMG,FUND_DETAILIMG,FUND_CATEGORY,FUND_TARGET_PRICE,FUND_STARTDATE,FUND_ENDDATE,FUND_TAG,FUND_MAKER_NAME,FUND_MAKER_IMG,FUND_MAKER_EMAIL,FUND_MAKER_HOMEPAGE,FUND_MAKER_CALLNUMBER,LAST_SAVE_DATE,FUND_TEAMMEMBER) values ('4','jy123','5','베이직','4_Main_mstory1.gif',null,'후원','2500000','2022-12-16','2022-12-31','태그,',null,null,null,null,null,'22/12/15',null);
Insert into MAKEIT.FUND_TEMP (FUND_IDX,MEMBER_ID,FUND_TITLE,FUND_MEMBERSHIP,FUND_MAINIMG,FUND_DETAILIMG,FUND_CATEGORY,FUND_TARGET_PRICE,FUND_STARTDATE,FUND_ENDDATE,FUND_TAG,FUND_MAKER_NAME,FUND_MAKER_IMG,FUND_MAKER_EMAIL,FUND_MAKER_HOMEPAGE,FUND_MAKER_CALLNUMBER,LAST_SAVE_DATE,FUND_TEAMMEMBER) values ('5','jy123',null,null,null,null,null,null,null,null,null,null,null,null,null,null,null,null);
Insert into MAKEIT.FUND_TEMP (FUND_IDX,MEMBER_ID,FUND_TITLE,FUND_MEMBERSHIP,FUND_MAINIMG,FUND_DETAILIMG,FUND_CATEGORY,FUND_TARGET_PRICE,FUND_STARTDATE,FUND_ENDDATE,FUND_TAG,FUND_MAKER_NAME,FUND_MAKER_IMG,FUND_MAKER_EMAIL,FUND_MAKER_HOMEPAGE,FUND_MAKER_CALLNUMBER,LAST_SAVE_DATE,FUND_TEAMMEMBER) values ('1','wpgh123',null,null,null,null,null,null,null,null,null,null,null,null,null,null,null,null);
Insert into MAKEIT.FUND_TEMP (FUND_IDX,MEMBER_ID,FUND_TITLE,FUND_MEMBERSHIP,FUND_MAINIMG,FUND_DETAILIMG,FUND_CATEGORY,FUND_TARGET_PRICE,FUND_STARTDATE,FUND_ENDDATE,FUND_TAG,FUND_MAKER_NAME,FUND_MAKER_IMG,FUND_MAKER_EMAIL,FUND_MAKER_HOMEPAGE,FUND_MAKER_CALLNUMBER,LAST_SAVE_DATE,FUND_TEAMMEMBER) values ('88','jy123','내비자동실행 차량용 무선충전기 엑스캔(XCAN) 듀얼','라이트','2_Main_main.png','2_Story_mstory1.gif;2_Story_mstory2.jpg;2_Story_mstory3.gif;2_Story_mstory4.jpg;2_Story_mstory5.jpg;2_Story_mstory6.gif;','테크·가전','50000000','2022-12-15','2023-12-28','충전기,고속충전기,','CNA','2_Maker_maker.png','email@test.com','https://www.moou.com','010-4554-5251','22/12/15',null);
REM INSERTING into MAKEIT.MEMBER
SET DEFINE OFF;
Insert into MAKEIT.MEMBER (MEMBER_ID,MEMBER_PWD,MEMBER_NAME,MEMBER_ADDRESS,MEMBER_PHONE,MEMBER_EMAIL,MEMBER_BIRTH,MEMBER_INTEREST,MEMBER_PICTURE,MEMBER_NICKNAME,MEMBER_FUNDDATE) values ('wpgh123','rjqnrdl0!','이제호','서울시 강남구 역삼동','01090440630','wpgh7778@naver.com','19990101','기부·캠페인,테크·가전,여행·레저,반려동물,푸드','c4.jpg','wpgh123',null);
Insert into MAKEIT.MEMBER (MEMBER_ID,MEMBER_PWD,MEMBER_NAME,MEMBER_ADDRESS,MEMBER_PHONE,MEMBER_EMAIL,MEMBER_BIRTH,MEMBER_INTEREST,MEMBER_PICTURE,MEMBER_NICKNAME,MEMBER_FUNDDATE) values ('wpgh7778','rjqnrdl0!','이제호','서울시 강남구 역삼동','01090440630','wpgh7778@naver.com','19111010','스포츠·모빌리티,캐릭터·굿즈,베이비·키즈,기부·캠페인,게임·취미,뷰티,후원','c1.jpg','이제호',null);
Insert into MAKEIT.MEMBER (MEMBER_ID,MEMBER_PWD,MEMBER_NAME,MEMBER_ADDRESS,MEMBER_PHONE,MEMBER_EMAIL,MEMBER_BIRTH,MEMBER_INTEREST,MEMBER_PICTURE,MEMBER_NICKNAME,MEMBER_FUNDDATE) values ('wpgh1004','rjqnrdl0!','이제호','서울시','01012345678','wpgh7778@naver.com','19910505','출판,후원',null,'이제호123',null);
Insert into MAKEIT.MEMBER (MEMBER_ID,MEMBER_PWD,MEMBER_NAME,MEMBER_ADDRESS,MEMBER_PHONE,MEMBER_EMAIL,MEMBER_BIRTH,MEMBER_INTEREST,MEMBER_PICTURE,MEMBER_NICKNAME,MEMBER_FUNDDATE) values ('wpgh7777','rjqnrdl0!','변경후','서울시 강남구 역삼동','01012345678','wpgh7778@naver.com','19000101','스포츠·모빌리티,홈·리빙,반려동물','c7.jpg','disable',null);
Insert into MAKEIT.MEMBER (MEMBER_ID,MEMBER_PWD,MEMBER_NAME,MEMBER_ADDRESS,MEMBER_PHONE,MEMBER_EMAIL,MEMBER_BIRTH,MEMBER_INTEREST,MEMBER_PICTURE,MEMBER_NICKNAME,MEMBER_FUNDDATE) values ('wpgh1234','rjqnrdl0!','이제호','서울시 강남구 역삼동','01090440630','wpgh7778@naver.com','19930330','패션·잡화,반려동물',null,'wpgh1234',null);
Insert into MAKEIT.MEMBER (MEMBER_ID,MEMBER_PWD,MEMBER_NAME,MEMBER_ADDRESS,MEMBER_PHONE,MEMBER_EMAIL,MEMBER_BIRTH,MEMBER_INTEREST,MEMBER_PICTURE,MEMBER_NICKNAME,MEMBER_FUNDDATE) values ('wpgh1232','RJQNRDL0!','이제호','서울시 강남구 역삼동','01090440630','wpgh7778@naver.com','19910101','출판,후원',null,'이제호12',null);
Insert into MAKEIT.MEMBER (MEMBER_ID,MEMBER_PWD,MEMBER_NAME,MEMBER_ADDRESS,MEMBER_PHONE,MEMBER_EMAIL,MEMBER_BIRTH,MEMBER_INTEREST,MEMBER_PICTURE,MEMBER_NICKNAME,MEMBER_FUNDDATE) values ('jy123','jyjy123123!','김지영','서울시 성동구','01040506506','ghu65061@gmail.com','19940503','홈·리빙,반려동물,뷰티',null,'도유',null);
Insert into MAKEIT.MEMBER (MEMBER_ID,MEMBER_PWD,MEMBER_NAME,MEMBER_ADDRESS,MEMBER_PHONE,MEMBER_EMAIL,MEMBER_BIRTH,MEMBER_INTEREST,MEMBER_PICTURE,MEMBER_NICKNAME,MEMBER_FUNDDATE) values ('admin','admin123!','관리자','관리자','01090440630','wpghrkWkd@gamil.com','19000101','전체',null,'관리자',null);
Insert into MAKEIT.MEMBER (MEMBER_ID,MEMBER_PWD,MEMBER_NAME,MEMBER_ADDRESS,MEMBER_PHONE,MEMBER_EMAIL,MEMBER_BIRTH,MEMBER_INTEREST,MEMBER_PICTURE,MEMBER_NICKNAME,MEMBER_FUNDDATE) values ('FUND2','FUND2','이순신','서울시 강남구 역삼동','01001190119','FUND2@FUND.COM','20220202','테크·가전',null,'펀드펀드',to_date('2022/11/16','YYYY/MM/DD'));
Insert into MAKEIT.MEMBER (MEMBER_ID,MEMBER_PWD,MEMBER_NAME,MEMBER_ADDRESS,MEMBER_PHONE,MEMBER_EMAIL,MEMBER_BIRTH,MEMBER_INTEREST,MEMBER_PICTURE,MEMBER_NICKNAME,MEMBER_FUNDDATE) values ('hong221208','hong123123!','홍길동','서울시 강남구','01012345678','hong221208@gmail.com','20020402','반려동물,테크·가전,리빙·베이비',null,'길동이',null);
Insert into MAKEIT.MEMBER (MEMBER_ID,MEMBER_PWD,MEMBER_NAME,MEMBER_ADDRESS,MEMBER_PHONE,MEMBER_EMAIL,MEMBER_BIRTH,MEMBER_INTEREST,MEMBER_PICTURE,MEMBER_NICKNAME,MEMBER_FUNDDATE) values ('panda123','!panda123','김영수','서울 광진구','01023140202','panda@naver.com','19820203','푸드,반려동물,테크·가전,패션·잡화',null,'panda',null);
Insert into MAKEIT.MEMBER (MEMBER_ID,MEMBER_PWD,MEMBER_NAME,MEMBER_ADDRESS,MEMBER_PHONE,MEMBER_EMAIL,MEMBER_BIRTH,MEMBER_INTEREST,MEMBER_PICTURE,MEMBER_NICKNAME,MEMBER_FUNDDATE) values ('duck123','@duck123','장오리','서울 강서구 ','01011111212','duck@naver.com','19900507','테크·가전,여행·스포츠',null,'duck',null);
Insert into MAKEIT.MEMBER (MEMBER_ID,MEMBER_PWD,MEMBER_NAME,MEMBER_ADDRESS,MEMBER_PHONE,MEMBER_EMAIL,MEMBER_BIRTH,MEMBER_INTEREST,MEMBER_PICTURE,MEMBER_NICKNAME,MEMBER_FUNDDATE) values ('cheetah45','$cheetah45','박치타','경기도 수원시','01051610202','cheetah455@naver.com','20000427','반려동물,패션·잡화,리빙·베이비',null,'cheetah',null);
Insert into MAKEIT.MEMBER (MEMBER_ID,MEMBER_PWD,MEMBER_NAME,MEMBER_ADDRESS,MEMBER_PHONE,MEMBER_EMAIL,MEMBER_BIRTH,MEMBER_INTEREST,MEMBER_PICTURE,MEMBER_NICKNAME,MEMBER_FUNDDATE) values ('seal1245','#seal1245','김물개에','서울 용산구','01078946464','seal1245@naver.com','20100703','패션·잡화',null,'seal',null);
Insert into MAKEIT.MEMBER (MEMBER_ID,MEMBER_PWD,MEMBER_NAME,MEMBER_ADDRESS,MEMBER_PHONE,MEMBER_EMAIL,MEMBER_BIRTH,MEMBER_INTEREST,MEMBER_PICTURE,MEMBER_NICKNAME,MEMBER_FUNDDATE) values ('giraffe1','!giraffe1','구기린','서울 강남구','01056940505','giraffe1@naver.com','19980808','전체',null,'점박이',null);
Insert into MAKEIT.MEMBER (MEMBER_ID,MEMBER_PWD,MEMBER_NAME,MEMBER_ADDRESS,MEMBER_PHONE,MEMBER_EMAIL,MEMBER_BIRTH,MEMBER_INTEREST,MEMBER_PICTURE,MEMBER_NICKNAME,MEMBER_FUNDDATE) values ('whale5858','!whale5858','정고래','서울 광진구','01026584645','whale5858@naver.com','19920713','반려동물,테크·가전,리빙·베이비',null,'새우등터트리자',null);
Insert into MAKEIT.MEMBER (MEMBER_ID,MEMBER_PWD,MEMBER_NAME,MEMBER_ADDRESS,MEMBER_PHONE,MEMBER_EMAIL,MEMBER_BIRTH,MEMBER_INTEREST,MEMBER_PICTURE,MEMBER_NICKNAME,MEMBER_FUNDDATE) values ('cat4545','#cat4545','고영희','서울 광진구','01011111111','cat45455@naver.com','20011111','반려동물',null,'냥아치',null);
Insert into MAKEIT.MEMBER (MEMBER_ID,MEMBER_PWD,MEMBER_NAME,MEMBER_ADDRESS,MEMBER_PHONE,MEMBER_EMAIL,MEMBER_BIRTH,MEMBER_INTEREST,MEMBER_PICTURE,MEMBER_NICKNAME,MEMBER_FUNDDATE) values ('tiger12','!tiger12','타이거','서울 용산구','01012121212','tiger125@naver.com','19701224','뷰티,여행·스포츠','프렌즈.jpg','타이거jk',null);
Insert into MAKEIT.MEMBER (MEMBER_ID,MEMBER_PWD,MEMBER_NAME,MEMBER_ADDRESS,MEMBER_PHONE,MEMBER_EMAIL,MEMBER_BIRTH,MEMBER_INTEREST,MEMBER_PICTURE,MEMBER_NICKNAME,MEMBER_FUNDDATE) values ('zebra1','!zebra11','지보라','서울 강남구 ','0102135498','zebra1@naver.com','20021212','테크·가전',null,'얼룩하면나지',null);
Insert into MAKEIT.MEMBER (MEMBER_ID,MEMBER_PWD,MEMBER_NAME,MEMBER_ADDRESS,MEMBER_PHONE,MEMBER_EMAIL,MEMBER_BIRTH,MEMBER_INTEREST,MEMBER_PICTURE,MEMBER_NICKNAME,MEMBER_FUNDDATE) values ('mouse1212','@mouse1212','김제리','서울 광진구','01033556666','mouse12125@naver.com','19991224','푸드,패션·잡화',null,'치즈좋아',null);
Insert into MAKEIT.MEMBER (MEMBER_ID,MEMBER_PWD,MEMBER_NAME,MEMBER_ADDRESS,MEMBER_PHONE,MEMBER_EMAIL,MEMBER_BIRTH,MEMBER_INTEREST,MEMBER_PICTURE,MEMBER_NICKNAME,MEMBER_FUNDDATE) values ('pig12344','!pig12344','안대지','경기도 파주시','01052525252','pig12344@naver.com','20010224','푸드','images.jpg','꿀꿀',null);
Insert into MAKEIT.MEMBER (MEMBER_ID,MEMBER_PWD,MEMBER_NAME,MEMBER_ADDRESS,MEMBER_PHONE,MEMBER_EMAIL,MEMBER_BIRTH,MEMBER_INTEREST,MEMBER_PICTURE,MEMBER_NICKNAME,MEMBER_FUNDDATE) values ('jaeheon','jaeheon123!','임재헌','서울시 강남구','01011112222','jayh115@naver.com','20221213','테크·가전,패션·잡화,여행·스포츠',null,'도깨비',null);
REM INSERTING into MAKEIT.MYCOUPON
SET DEFINE OFF;
Insert into MAKEIT.MYCOUPON (MEMBER_ID,COUPON_IDX,COUPON_CHECK) values ('wpgh123',1,0);
Insert into MAKEIT.MYCOUPON (MEMBER_ID,COUPON_IDX,COUPON_CHECK) values ('wpgh123',2,0);
Insert into MAKEIT.MYCOUPON (MEMBER_ID,COUPON_IDX,COUPON_CHECK) values (null,1,1);
Insert into MAKEIT.MYCOUPON (MEMBER_ID,COUPON_IDX,COUPON_CHECK) values ('jaeheon',3,0);
Insert into MAKEIT.MYCOUPON (MEMBER_ID,COUPON_IDX,COUPON_CHECK) values ('jaeheon',4,1);
Insert into MAKEIT.MYCOUPON (MEMBER_ID,COUPON_IDX,COUPON_CHECK) values ('jaeheon',5,0);
Insert into MAKEIT.MYCOUPON (MEMBER_ID,COUPON_IDX,COUPON_CHECK) values ('jaeheon',6,0);
Insert into MAKEIT.MYCOUPON (MEMBER_ID,COUPON_IDX,COUPON_CHECK) values ('jaeheon',7,0);
Insert into MAKEIT.MYCOUPON (MEMBER_ID,COUPON_IDX,COUPON_CHECK) values ('jaeheon',8,0);
Insert into MAKEIT.MYCOUPON (MEMBER_ID,COUPON_IDX,COUPON_CHECK) values ('wpgh123',5,0);
Insert into MAKEIT.MYCOUPON (MEMBER_ID,COUPON_IDX,COUPON_CHECK) values ('wpgh123',5,0);
Insert into MAKEIT.MYCOUPON (MEMBER_ID,COUPON_IDX,COUPON_CHECK) values ('jaeheon',9,0);
Insert into MAKEIT.MYCOUPON (MEMBER_ID,COUPON_IDX,COUPON_CHECK) values ('wpgh123',1,0);
Insert into MAKEIT.MYCOUPON (MEMBER_ID,COUPON_IDX,COUPON_CHECK) values ('wpgh123',2,0);
Insert into MAKEIT.MYCOUPON (MEMBER_ID,COUPON_IDX,COUPON_CHECK) values (null,1,1);
Insert into MAKEIT.MYCOUPON (MEMBER_ID,COUPON_IDX,COUPON_CHECK) values ('jaeheon',3,0);
Insert into MAKEIT.MYCOUPON (MEMBER_ID,COUPON_IDX,COUPON_CHECK) values ('jaeheon',4,1);
Insert into MAKEIT.MYCOUPON (MEMBER_ID,COUPON_IDX,COUPON_CHECK) values ('jaeheon',5,0);
Insert into MAKEIT.MYCOUPON (MEMBER_ID,COUPON_IDX,COUPON_CHECK) values ('jaeheon',6,0);
Insert into MAKEIT.MYCOUPON (MEMBER_ID,COUPON_IDX,COUPON_CHECK) values ('jaeheon',7,0);
Insert into MAKEIT.MYCOUPON (MEMBER_ID,COUPON_IDX,COUPON_CHECK) values ('jaeheon',8,0);
Insert into MAKEIT.MYCOUPON (MEMBER_ID,COUPON_IDX,COUPON_CHECK) values ('wpgh123',5,0);
Insert into MAKEIT.MYCOUPON (MEMBER_ID,COUPON_IDX,COUPON_CHECK) values ('wpgh123',5,0);
Insert into MAKEIT.MYCOUPON (MEMBER_ID,COUPON_IDX,COUPON_CHECK) values ('jaeheon',9,0);
Insert into MAKEIT.MYCOUPON (MEMBER_ID,COUPON_IDX,COUPON_CHECK) values ('wpgh123',5,0);
Insert into MAKEIT.MYCOUPON (MEMBER_ID,COUPON_IDX,COUPON_CHECK) values ('wpgh123',5,1);
REM INSERTING into MAKEIT.ORDERS
SET DEFINE OFF;
Insert into MAKEIT.ORDERS (ORDERS_IDX,MEMBER_ID,FUND_IDX,STORE_IDX,ORDERS_CARD_COMPANY,ORDERS_CARD_NUMBER,ORDERS_CARD_PASSWORD,ORDERS_ADDRESS,ORDERS_RECEIVER,ORDERS_COMMENT,ORDERS_PRICE,ORDERS_DATE,ORDERS_ADDRESSDETAIL,ORDERS_PHONE,ORDERS_REVIEWCHK,ORDERS_OPTION_TITLE) values (1669622135521,'wpgh123',4,null,null,null,null,'서울시 강남구 역삼동','이제호',null,52800,'2022-12-06 17:39:43',null,'01090440630','n','[얼리버드] 힐링 박스 1개');
Insert into MAKEIT.ORDERS (ORDERS_IDX,MEMBER_ID,FUND_IDX,STORE_IDX,ORDERS_CARD_COMPANY,ORDERS_CARD_NUMBER,ORDERS_CARD_PASSWORD,ORDERS_ADDRESS,ORDERS_RECEIVER,ORDERS_COMMENT,ORDERS_PRICE,ORDERS_DATE,ORDERS_ADDRESSDETAIL,ORDERS_PHONE,ORDERS_REVIEWCHK,ORDERS_OPTION_TITLE) values (1669622135508,'panda123',6,2,null,null,null,'역삼역','김팬더','빠른배송',199700,'2022-12-07 09:02:16','삼원ㅂ리딩',null,'n','맥세이프 통화 녹음기 (x2)');
Insert into MAKEIT.ORDERS (ORDERS_IDX,MEMBER_ID,FUND_IDX,STORE_IDX,ORDERS_CARD_COMPANY,ORDERS_CARD_NUMBER,ORDERS_CARD_PASSWORD,ORDERS_ADDRESS,ORDERS_RECEIVER,ORDERS_COMMENT,ORDERS_PRICE,ORDERS_DATE,ORDERS_ADDRESSDETAIL,ORDERS_PHONE,ORDERS_REVIEWCHK,ORDERS_OPTION_TITLE) values (1669622135510,'gogo99',4,null,null,null,null,'서울시 강남구 역삼동','이제호',null,5900,'2022-12-08 15:29:25',null,'01090440630','n','[추가 옵션 01] 도어 커버 추가');
Insert into MAKEIT.ORDERS (ORDERS_IDX,MEMBER_ID,FUND_IDX,STORE_IDX,ORDERS_CARD_COMPANY,ORDERS_CARD_NUMBER,ORDERS_CARD_PASSWORD,ORDERS_ADDRESS,ORDERS_RECEIVER,ORDERS_COMMENT,ORDERS_PRICE,ORDERS_DATE,ORDERS_ADDRESSDETAIL,ORDERS_PHONE,ORDERS_REVIEWCHK,ORDERS_OPTION_TITLE) values (1669622135509,'abcd12',4,null,null,null,null,'서울시 강남구 역삼동','이제호',null,49800,'2022-12-08 15:27:01',null,'01090440630','n','[슈퍼 얼리버드] 힐링 박스 1개');
Insert into MAKEIT.ORDERS (ORDERS_IDX,MEMBER_ID,FUND_IDX,STORE_IDX,ORDERS_CARD_COMPANY,ORDERS_CARD_NUMBER,ORDERS_CARD_PASSWORD,ORDERS_ADDRESS,ORDERS_RECEIVER,ORDERS_COMMENT,ORDERS_PRICE,ORDERS_DATE,ORDERS_ADDRESSDETAIL,ORDERS_PHONE,ORDERS_REVIEWCHK,ORDERS_OPTION_TITLE) values (1669622135511,'fdgfd11',4,null,null,null,null,'서울시 강남구 역삼동','이제호',null,5900,'2022-12-09 15:30:25',null,'01090440630','n','[추가 옵션 01] 도어 커버 추가');
Insert into MAKEIT.ORDERS (ORDERS_IDX,MEMBER_ID,FUND_IDX,STORE_IDX,ORDERS_CARD_COMPANY,ORDERS_CARD_NUMBER,ORDERS_CARD_PASSWORD,ORDERS_ADDRESS,ORDERS_RECEIVER,ORDERS_COMMENT,ORDERS_PRICE,ORDERS_DATE,ORDERS_ADDRESSDETAIL,ORDERS_PHONE,ORDERS_REVIEWCHK,ORDERS_OPTION_TITLE) values (1669622135512,'aaaswd87',4,null,null,null,null,'서울시 강남구 역삼동','이제호',null,49800,'2022-12-09 15:36:13',null,'01090440630','n','[얼리버드] 힐링 박스 1개');
Insert into MAKEIT.ORDERS (ORDERS_IDX,MEMBER_ID,FUND_IDX,STORE_IDX,ORDERS_CARD_COMPANY,ORDERS_CARD_NUMBER,ORDERS_CARD_PASSWORD,ORDERS_ADDRESS,ORDERS_RECEIVER,ORDERS_COMMENT,ORDERS_PRICE,ORDERS_DATE,ORDERS_ADDRESSDETAIL,ORDERS_PHONE,ORDERS_REVIEWCHK,ORDERS_OPTION_TITLE) values (1669622135513,'wpgh123',4,null,null,null,null,'서울시 강남구 역삼동','이제호',null,49800,'2022-12-10 16:20:01',null,'01090440630','n','[슈퍼 얼리버드] 힐링 박스 1개');
Insert into MAKEIT.ORDERS (ORDERS_IDX,MEMBER_ID,FUND_IDX,STORE_IDX,ORDERS_CARD_COMPANY,ORDERS_CARD_NUMBER,ORDERS_CARD_PASSWORD,ORDERS_ADDRESS,ORDERS_RECEIVER,ORDERS_COMMENT,ORDERS_PRICE,ORDERS_DATE,ORDERS_ADDRESSDETAIL,ORDERS_PHONE,ORDERS_REVIEWCHK,ORDERS_OPTION_TITLE) values (1669618187392,'wpgh7778',1,1,null,null,null,'서울시 강남구 역삼동','이제호','sdfsdf',5900,'2022-11-25 09:02:16','sdfsdf',null,'n','[추가 옵션 01] 도어 커버 추가');
Insert into MAKEIT.ORDERS (ORDERS_IDX,MEMBER_ID,FUND_IDX,STORE_IDX,ORDERS_CARD_COMPANY,ORDERS_CARD_NUMBER,ORDERS_CARD_PASSWORD,ORDERS_ADDRESS,ORDERS_RECEIVER,ORDERS_COMMENT,ORDERS_PRICE,ORDERS_DATE,ORDERS_ADDRESSDETAIL,ORDERS_PHONE,ORDERS_REVIEWCHK,ORDERS_OPTION_TITLE) values (1669618419607,'seal1245',1,1,null,null,null,'서울시 강남구 역삼동','이제호','sdfsdf',53800,'2022-12-07 09:03:16','sdfsdf',null,'n','[얼리버드] 힐링 박스 1개');
Insert into MAKEIT.ORDERS (ORDERS_IDX,MEMBER_ID,FUND_IDX,STORE_IDX,ORDERS_CARD_COMPANY,ORDERS_CARD_NUMBER,ORDERS_CARD_PASSWORD,ORDERS_ADDRESS,ORDERS_RECEIVER,ORDERS_COMMENT,ORDERS_PRICE,ORDERS_DATE,ORDERS_ADDRESSDETAIL,ORDERS_PHONE,ORDERS_REVIEWCHK,ORDERS_OPTION_TITLE) values (1669621916645,'wpgh7778',4,4,null,null,null,'서울 강남구 테헤란로 124','이제호','ㅁㄷㄼㄷㄹ',53800,'2022-12-10 09:05:16','ㅇㅁㄹㅇㄹ',null,'n','[얼리버드] 힐링 박스 1개');
Insert into MAKEIT.ORDERS (ORDERS_IDX,MEMBER_ID,FUND_IDX,STORE_IDX,ORDERS_CARD_COMPANY,ORDERS_CARD_NUMBER,ORDERS_CARD_PASSWORD,ORDERS_ADDRESS,ORDERS_RECEIVER,ORDERS_COMMENT,ORDERS_PRICE,ORDERS_DATE,ORDERS_ADDRESSDETAIL,ORDERS_PHONE,ORDERS_REVIEWCHK,ORDERS_OPTION_TITLE) values (1669622135507,'wpgh7778',6,2,null,null,null,'서울시 강남구 역삼동','이제호',null,106300,'2022-12-11 09:08:16','ㅁㅇㄻㅇㄹ',null,'n','맥세이프 통화 녹음기 (x1)');
Insert into MAKEIT.ORDERS (ORDERS_IDX,MEMBER_ID,FUND_IDX,STORE_IDX,ORDERS_CARD_COMPANY,ORDERS_CARD_NUMBER,ORDERS_CARD_PASSWORD,ORDERS_ADDRESS,ORDERS_RECEIVER,ORDERS_COMMENT,ORDERS_PRICE,ORDERS_DATE,ORDERS_ADDRESSDETAIL,ORDERS_PHONE,ORDERS_REVIEWCHK,ORDERS_OPTION_TITLE) values (1669622135529,'jaeheon',7,null,null,null,null,'서울시 강남구','임재헌',null,453000,'2022-12-14 11:36:54',null,'01011112222','n','[슈퍼얼리버드] 더블패키지');
Insert into MAKEIT.ORDERS (ORDERS_IDX,MEMBER_ID,FUND_IDX,STORE_IDX,ORDERS_CARD_COMPANY,ORDERS_CARD_NUMBER,ORDERS_CARD_PASSWORD,ORDERS_ADDRESS,ORDERS_RECEIVER,ORDERS_COMMENT,ORDERS_PRICE,ORDERS_DATE,ORDERS_ADDRESSDETAIL,ORDERS_PHONE,ORDERS_REVIEWCHK,ORDERS_OPTION_TITLE) values (1669622135530,'jaeheon',25,null,null,null,null,'서울시 강남구','임재헌',null,369000,'2022-12-14 11:37:53',null,'01011112222','n','[얼리버드] 듀얼다지기 B');
Insert into MAKEIT.ORDERS (ORDERS_IDX,MEMBER_ID,FUND_IDX,STORE_IDX,ORDERS_CARD_COMPANY,ORDERS_CARD_NUMBER,ORDERS_CARD_PASSWORD,ORDERS_ADDRESS,ORDERS_RECEIVER,ORDERS_COMMENT,ORDERS_PRICE,ORDERS_DATE,ORDERS_ADDRESSDETAIL,ORDERS_PHONE,ORDERS_REVIEWCHK,ORDERS_OPTION_TITLE) values (1669622135531,'jaeheon',5,null,null,null,null,'서울시 강남구','임재헌',null,900000,'2022-12-14 12:08:54',null,'01011112222','n','슈퍼 얼리버드 10set');
Insert into MAKEIT.ORDERS (ORDERS_IDX,MEMBER_ID,FUND_IDX,STORE_IDX,ORDERS_CARD_COMPANY,ORDERS_CARD_NUMBER,ORDERS_CARD_PASSWORD,ORDERS_ADDRESS,ORDERS_RECEIVER,ORDERS_COMMENT,ORDERS_PRICE,ORDERS_DATE,ORDERS_ADDRESSDETAIL,ORDERS_PHONE,ORDERS_REVIEWCHK,ORDERS_OPTION_TITLE) values (1669622135533,'jaeheon',1,null,null,null,null,'서울시 강남구','임재헌',null,273000,'2022-12-14 14:23:29',null,'01011112222','n','[수퍼얼리버드] 쿨린 핫밴드 손난로 보조배터리 세트');
Insert into MAKEIT.ORDERS (ORDERS_IDX,MEMBER_ID,FUND_IDX,STORE_IDX,ORDERS_CARD_COMPANY,ORDERS_CARD_NUMBER,ORDERS_CARD_PASSWORD,ORDERS_ADDRESS,ORDERS_RECEIVER,ORDERS_COMMENT,ORDERS_PRICE,ORDERS_DATE,ORDERS_ADDRESSDETAIL,ORDERS_PHONE,ORDERS_REVIEWCHK,ORDERS_OPTION_TITLE) values (1759622135529,'kim66',3,null,null,null,null,'서울시 강남구','임재헌',null,119000,'2022-12-13 17:40:22',null,'01011112222','n','[얼리버드] 퓨전키보드 - 유니버설 1개');
Insert into MAKEIT.ORDERS (ORDERS_IDX,MEMBER_ID,FUND_IDX,STORE_IDX,ORDERS_CARD_COMPANY,ORDERS_CARD_NUMBER,ORDERS_CARD_PASSWORD,ORDERS_ADDRESS,ORDERS_RECEIVER,ORDERS_COMMENT,ORDERS_PRICE,ORDERS_DATE,ORDERS_ADDRESSDETAIL,ORDERS_PHONE,ORDERS_REVIEWCHK,ORDERS_OPTION_TITLE) values (1869622135529,'hong99',3,null,null,null,null,'서울시 강남구','임재헌',null,119000,'2022-12-08 18:14:58',null,'01011112222','n','[얼리버드] 퓨전키보드 - 유니버설 1개');
Insert into MAKEIT.ORDERS (ORDERS_IDX,MEMBER_ID,FUND_IDX,STORE_IDX,ORDERS_CARD_COMPANY,ORDERS_CARD_NUMBER,ORDERS_CARD_PASSWORD,ORDERS_ADDRESS,ORDERS_RECEIVER,ORDERS_COMMENT,ORDERS_PRICE,ORDERS_DATE,ORDERS_ADDRESSDETAIL,ORDERS_PHONE,ORDERS_REVIEWCHK,ORDERS_OPTION_TITLE) values (1819622135529,'jy123',3,null,null,null,null,'서울시 강남구','임재헌',null,199000,'2022-12-08 19:44:13',null,'01011112222','n','[얼리버드] 퓨전키보드 - 유니버설 커플');
Insert into MAKEIT.ORDERS (ORDERS_IDX,MEMBER_ID,FUND_IDX,STORE_IDX,ORDERS_CARD_COMPANY,ORDERS_CARD_NUMBER,ORDERS_CARD_PASSWORD,ORDERS_ADDRESS,ORDERS_RECEIVER,ORDERS_COMMENT,ORDERS_PRICE,ORDERS_DATE,ORDERS_ADDRESSDETAIL,ORDERS_PHONE,ORDERS_REVIEWCHK,ORDERS_OPTION_TITLE) values (18659622135529,'asdw1',3,null,null,null,null,'서울시 강남구','임재헌',null,199000,'2022-12-08 18:14:24',null,'01011112222','n','[얼리버드] 퓨전키보드 - 유니버설 커플');
Insert into MAKEIT.ORDERS (ORDERS_IDX,MEMBER_ID,FUND_IDX,STORE_IDX,ORDERS_CARD_COMPANY,ORDERS_CARD_NUMBER,ORDERS_CARD_PASSWORD,ORDERS_ADDRESS,ORDERS_RECEIVER,ORDERS_COMMENT,ORDERS_PRICE,ORDERS_DATE,ORDERS_ADDRESSDETAIL,ORDERS_PHONE,ORDERS_REVIEWCHK,ORDERS_OPTION_TITLE) values (1869622135520,'jffr543',3,null,null,null,null,'서울시 강남구','임재헌',null,199000,'2022-12-09 18:24:05',null,'01011112222','n','[얼리버드] 퓨전키보드 - 유니버설 커플');
Insert into MAKEIT.ORDERS (ORDERS_IDX,MEMBER_ID,FUND_IDX,STORE_IDX,ORDERS_CARD_COMPANY,ORDERS_CARD_NUMBER,ORDERS_CARD_PASSWORD,ORDERS_ADDRESS,ORDERS_RECEIVER,ORDERS_COMMENT,ORDERS_PRICE,ORDERS_DATE,ORDERS_ADDRESSDETAIL,ORDERS_PHONE,ORDERS_REVIEWCHK,ORDERS_OPTION_TITLE) values (1869622131232,'asng922',3,null,null,null,null,'서울시 강남구','임재헌',null,119000,'2022-12-09 18:15:16',null,'01011112222','n','[얼리버드] 퓨전키보드 - 유니버설 1개');
Insert into MAKEIT.ORDERS (ORDERS_IDX,MEMBER_ID,FUND_IDX,STORE_IDX,ORDERS_CARD_COMPANY,ORDERS_CARD_NUMBER,ORDERS_CARD_PASSWORD,ORDERS_ADDRESS,ORDERS_RECEIVER,ORDERS_COMMENT,ORDERS_PRICE,ORDERS_DATE,ORDERS_ADDRESSDETAIL,ORDERS_PHONE,ORDERS_REVIEWCHK,ORDERS_OPTION_TITLE) values (1869622135522,'sd8add',3,null,null,null,null,'서울시 강남구','임재헌',null,119000,'2022-12-09 18:45:57',null,'01011112222','n','[얼리버드] 퓨전키보드 - 유니버설 1개');
Insert into MAKEIT.ORDERS (ORDERS_IDX,MEMBER_ID,FUND_IDX,STORE_IDX,ORDERS_CARD_COMPANY,ORDERS_CARD_NUMBER,ORDERS_CARD_PASSWORD,ORDERS_ADDRESS,ORDERS_RECEIVER,ORDERS_COMMENT,ORDERS_PRICE,ORDERS_DATE,ORDERS_ADDRESSDETAIL,ORDERS_PHONE,ORDERS_REVIEWCHK,ORDERS_OPTION_TITLE) values (1869622135543,'sdwww2',3,null,null,null,null,'서울시 강남구','임재헌',null,119000,'2022-12-10 07:24:13',null,'01011112222','n','[얼리버드] 퓨전키보드 - 유니버설 1개');
Insert into MAKEIT.ORDERS (ORDERS_IDX,MEMBER_ID,FUND_IDX,STORE_IDX,ORDERS_CARD_COMPANY,ORDERS_CARD_NUMBER,ORDERS_CARD_PASSWORD,ORDERS_ADDRESS,ORDERS_RECEIVER,ORDERS_COMMENT,ORDERS_PRICE,ORDERS_DATE,ORDERS_ADDRESSDETAIL,ORDERS_PHONE,ORDERS_REVIEWCHK,ORDERS_OPTION_TITLE) values (1869622132333,'wyyfd45',3,null,null,null,null,'서울시 강남구','임재헌',null,199000,'2022-12-10 11:15:45',null,'01011112222','n','[얼리버드] 퓨전키보드 - 유니버설 커플');
Insert into MAKEIT.ORDERS (ORDERS_IDX,MEMBER_ID,FUND_IDX,STORE_IDX,ORDERS_CARD_COMPANY,ORDERS_CARD_NUMBER,ORDERS_CARD_PASSWORD,ORDERS_ADDRESS,ORDERS_RECEIVER,ORDERS_COMMENT,ORDERS_PRICE,ORDERS_DATE,ORDERS_ADDRESSDETAIL,ORDERS_PHONE,ORDERS_REVIEWCHK,ORDERS_OPTION_TITLE) values (1869622135521,'happy2',3,null,null,null,null,'서울시 강남구','임재헌',null,119000,'2022-12-10 12:22:24',null,'01011112222','n','[얼리버드] 퓨전키보드 - 유니버설 1개');
Insert into MAKEIT.ORDERS (ORDERS_IDX,MEMBER_ID,FUND_IDX,STORE_IDX,ORDERS_CARD_COMPANY,ORDERS_CARD_NUMBER,ORDERS_CARD_PASSWORD,ORDERS_ADDRESS,ORDERS_RECEIVER,ORDERS_COMMENT,ORDERS_PRICE,ORDERS_DATE,ORDERS_ADDRESSDETAIL,ORDERS_PHONE,ORDERS_REVIEWCHK,ORDERS_OPTION_TITLE) values (1869622135523,'myday75',3,null,null,null,null,'서울시 강남구','임재헌',null,199000,'2022-12-10 14:47:22',null,'01011112222','n','[얼리버드] 퓨전키보드 - 유니버설 커플');
Insert into MAKEIT.ORDERS (ORDERS_IDX,MEMBER_ID,FUND_IDX,STORE_IDX,ORDERS_CARD_COMPANY,ORDERS_CARD_NUMBER,ORDERS_CARD_PASSWORD,ORDERS_ADDRESS,ORDERS_RECEIVER,ORDERS_COMMENT,ORDERS_PRICE,ORDERS_DATE,ORDERS_ADDRESSDETAIL,ORDERS_PHONE,ORDERS_REVIEWCHK,ORDERS_OPTION_TITLE) values (1869622135577,'lee53',3,null,null,null,null,'서울시 강남구','임재헌',null,119000,'2022-12-11 15:26:04',null,'01011112222','n','[얼리버드] 퓨전키보드 - 유니버설 1개');
Insert into MAKEIT.ORDERS (ORDERS_IDX,MEMBER_ID,FUND_IDX,STORE_IDX,ORDERS_CARD_COMPANY,ORDERS_CARD_NUMBER,ORDERS_CARD_PASSWORD,ORDERS_ADDRESS,ORDERS_RECEIVER,ORDERS_COMMENT,ORDERS_PRICE,ORDERS_DATE,ORDERS_ADDRESSDETAIL,ORDERS_PHONE,ORDERS_REVIEWCHK,ORDERS_OPTION_TITLE) values (1869622123123,'choi245',3,null,null,null,null,'서울시 강남구','임재헌',null,199000,'2022-12-11 12:37:13',null,'01011112222','n','[얼리버드] 퓨전키보드 - 유니버설 커플');
Insert into MAKEIT.ORDERS (ORDERS_IDX,MEMBER_ID,FUND_IDX,STORE_IDX,ORDERS_CARD_COMPANY,ORDERS_CARD_NUMBER,ORDERS_CARD_PASSWORD,ORDERS_ADDRESS,ORDERS_RECEIVER,ORDERS_COMMENT,ORDERS_PRICE,ORDERS_DATE,ORDERS_ADDRESSDETAIL,ORDERS_PHONE,ORDERS_REVIEWCHK,ORDERS_OPTION_TITLE) values (1869622135514,'park154',3,null,null,null,null,'서울시 강남구','임재헌',null,119000,'2022-12-11 21:15:54',null,'01011112222','n','[얼리버드] 퓨전키보드 - 유니버설 1개');
Insert into MAKEIT.ORDERS (ORDERS_IDX,MEMBER_ID,FUND_IDX,STORE_IDX,ORDERS_CARD_COMPANY,ORDERS_CARD_NUMBER,ORDERS_CARD_PASSWORD,ORDERS_ADDRESS,ORDERS_RECEIVER,ORDERS_COMMENT,ORDERS_PRICE,ORDERS_DATE,ORDERS_ADDRESSDETAIL,ORDERS_PHONE,ORDERS_REVIEWCHK,ORDERS_OPTION_TITLE) values (1869622135524,'hong99',3,null,null,null,null,'서울시 강남구','임재헌',null,199000,'2022-12-12 18:11:44',null,'01011112222','n','[얼리버드] 퓨전키보드 - 유니버설 커플');
Insert into MAKEIT.ORDERS (ORDERS_IDX,MEMBER_ID,FUND_IDX,STORE_IDX,ORDERS_CARD_COMPANY,ORDERS_CARD_NUMBER,ORDERS_CARD_PASSWORD,ORDERS_ADDRESS,ORDERS_RECEIVER,ORDERS_COMMENT,ORDERS_PRICE,ORDERS_DATE,ORDERS_ADDRESSDETAIL,ORDERS_PHONE,ORDERS_REVIEWCHK,ORDERS_OPTION_TITLE) values (1869622135232,'sdws123',3,null,null,null,null,'서울시 강남구','임재헌',null,119000,'2022-12-12 19:14:13',null,'01011112222','n','[얼리버드] 퓨전키보드 - 유니버설 1개');
Insert into MAKEIT.ORDERS (ORDERS_IDX,MEMBER_ID,FUND_IDX,STORE_IDX,ORDERS_CARD_COMPANY,ORDERS_CARD_NUMBER,ORDERS_CARD_PASSWORD,ORDERS_ADDRESS,ORDERS_RECEIVER,ORDERS_COMMENT,ORDERS_PRICE,ORDERS_DATE,ORDERS_ADDRESSDETAIL,ORDERS_PHONE,ORDERS_REVIEWCHK,ORDERS_OPTION_TITLE) values (1869622135222,'asds1',3,null,null,null,null,'서울시 강남구','임재헌',null,199000,'2022-12-13 11:14:12',null,'01011112222','n','[얼리버드] 퓨전키보드 - 유니버설 커플');
Insert into MAKEIT.ORDERS (ORDERS_IDX,MEMBER_ID,FUND_IDX,STORE_IDX,ORDERS_CARD_COMPANY,ORDERS_CARD_NUMBER,ORDERS_CARD_PASSWORD,ORDERS_ADDRESS,ORDERS_RECEIVER,ORDERS_COMMENT,ORDERS_PRICE,ORDERS_DATE,ORDERS_ADDRESSDETAIL,ORDERS_PHONE,ORDERS_REVIEWCHK,ORDERS_OPTION_TITLE) values (1869622135244,'sdwee5',3,null,null,null,null,'서울시 강남구','임재헌',null,119000,'2022-12-13 12:24:45',null,'01011112222','n','[얼리버드] 퓨전키보드 - 유니버설 1개');
Insert into MAKEIT.ORDERS (ORDERS_IDX,MEMBER_ID,FUND_IDX,STORE_IDX,ORDERS_CARD_COMPANY,ORDERS_CARD_NUMBER,ORDERS_CARD_PASSWORD,ORDERS_ADDRESS,ORDERS_RECEIVER,ORDERS_COMMENT,ORDERS_PRICE,ORDERS_DATE,ORDERS_ADDRESSDETAIL,ORDERS_PHONE,ORDERS_REVIEWCHK,ORDERS_OPTION_TITLE) values (1869622135223,'sdss2',3,null,null,null,null,'서울시 강남구','임재헌',null,199000,'2022-12-13 19:44:44',null,'01011112222','n','[얼리버드] 퓨전키보드 - 유니버설 커플');
Insert into MAKEIT.ORDERS (ORDERS_IDX,MEMBER_ID,FUND_IDX,STORE_IDX,ORDERS_CARD_COMPANY,ORDERS_CARD_NUMBER,ORDERS_CARD_PASSWORD,ORDERS_ADDRESS,ORDERS_RECEIVER,ORDERS_COMMENT,ORDERS_PRICE,ORDERS_DATE,ORDERS_ADDRESSDETAIL,ORDERS_PHONE,ORDERS_REVIEWCHK,ORDERS_OPTION_TITLE) values (18659622135531,'jaeheon',4,null,null,null,null,'서울시 강남구','임재헌',null,252000,'2022-12-14 16:09:29',null,'01011112222','n','[슈퍼 얼리버드] 힐링 박스 1개');
Insert into MAKEIT.ORDERS (ORDERS_IDX,MEMBER_ID,FUND_IDX,STORE_IDX,ORDERS_CARD_COMPANY,ORDERS_CARD_NUMBER,ORDERS_CARD_PASSWORD,ORDERS_ADDRESS,ORDERS_RECEIVER,ORDERS_COMMENT,ORDERS_PRICE,ORDERS_DATE,ORDERS_ADDRESSDETAIL,ORDERS_PHONE,ORDERS_REVIEWCHK,ORDERS_OPTION_TITLE) values (5151731231,'wpgh123',null,8,null,null,null,'서울시 강남구 역삼동','이제호',null,17600,'2022-12-15 10:20:00',null,null,'n',null);
Insert into MAKEIT.ORDERS (ORDERS_IDX,MEMBER_ID,FUND_IDX,STORE_IDX,ORDERS_CARD_COMPANY,ORDERS_CARD_NUMBER,ORDERS_CARD_PASSWORD,ORDERS_ADDRESS,ORDERS_RECEIVER,ORDERS_COMMENT,ORDERS_PRICE,ORDERS_DATE,ORDERS_ADDRESSDETAIL,ORDERS_PHONE,ORDERS_REVIEWCHK,ORDERS_OPTION_TITLE) values (7188121731231,'wpgh123',null,8,null,null,null,'서울시 강남구 역삼동','이제호',null,17600,'2022-12-15 10:20:00',null,null,'n',null);
Insert into MAKEIT.ORDERS (ORDERS_IDX,MEMBER_ID,FUND_IDX,STORE_IDX,ORDERS_CARD_COMPANY,ORDERS_CARD_NUMBER,ORDERS_CARD_PASSWORD,ORDERS_ADDRESS,ORDERS_RECEIVER,ORDERS_COMMENT,ORDERS_PRICE,ORDERS_DATE,ORDERS_ADDRESSDETAIL,ORDERS_PHONE,ORDERS_REVIEWCHK,ORDERS_OPTION_TITLE) values (15150455786,'wpgh123',null,7,null,null,null,'서울시 강남구 역삼동','이제호',null,12600,'2022-12-15 10:20:00',null,null,'n',null);
Insert into MAKEIT.ORDERS (ORDERS_IDX,MEMBER_ID,FUND_IDX,STORE_IDX,ORDERS_CARD_COMPANY,ORDERS_CARD_NUMBER,ORDERS_CARD_PASSWORD,ORDERS_ADDRESS,ORDERS_RECEIVER,ORDERS_COMMENT,ORDERS_PRICE,ORDERS_DATE,ORDERS_ADDRESSDETAIL,ORDERS_PHONE,ORDERS_REVIEWCHK,ORDERS_OPTION_TITLE) values (15151010455786,'wpgh123',null,12,null,null,null,'서울시 강남구 역삼동','이제호',null,12600,'2022-12-15 10:20:00','gfdfg',null,'n',null);
Insert into MAKEIT.ORDERS (ORDERS_IDX,MEMBER_ID,FUND_IDX,STORE_IDX,ORDERS_CARD_COMPANY,ORDERS_CARD_NUMBER,ORDERS_CARD_PASSWORD,ORDERS_ADDRESS,ORDERS_RECEIVER,ORDERS_COMMENT,ORDERS_PRICE,ORDERS_DATE,ORDERS_ADDRESSDETAIL,ORDERS_PHONE,ORDERS_REVIEWCHK,ORDERS_OPTION_TITLE) values (8480455786,'wpgh123',null,12,null,null,null,'서울시 강남구 역삼동','이제호',null,12600,'2022-12-15 10:20:00','gfdfg',null,'n',null);
Insert into MAKEIT.ORDERS (ORDERS_IDX,MEMBER_ID,FUND_IDX,STORE_IDX,ORDERS_CARD_COMPANY,ORDERS_CARD_NUMBER,ORDERS_CARD_PASSWORD,ORDERS_ADDRESS,ORDERS_RECEIVER,ORDERS_COMMENT,ORDERS_PRICE,ORDERS_DATE,ORDERS_ADDRESSDETAIL,ORDERS_PHONE,ORDERS_REVIEWCHK,ORDERS_OPTION_TITLE) values (9797455786,'wpgh123',null,12,null,null,null,'서울시 강남구 역삼동','이제호',null,12600,'2022-12-15 10:20:00','gfdfg',null,'n',null);
Insert into MAKEIT.ORDERS (ORDERS_IDX,MEMBER_ID,FUND_IDX,STORE_IDX,ORDERS_CARD_COMPANY,ORDERS_CARD_NUMBER,ORDERS_CARD_PASSWORD,ORDERS_ADDRESS,ORDERS_RECEIVER,ORDERS_COMMENT,ORDERS_PRICE,ORDERS_DATE,ORDERS_ADDRESSDETAIL,ORDERS_PHONE,ORDERS_REVIEWCHK,ORDERS_OPTION_TITLE) values (556455786,'wpgh123',null,12,null,null,null,'서울시 강남구 역삼동','이제호',null,12600,'2022-12-15 10:20:00','gfdfg',null,'n',null);
Insert into MAKEIT.ORDERS (ORDERS_IDX,MEMBER_ID,FUND_IDX,STORE_IDX,ORDERS_CARD_COMPANY,ORDERS_CARD_NUMBER,ORDERS_CARD_PASSWORD,ORDERS_ADDRESS,ORDERS_RECEIVER,ORDERS_COMMENT,ORDERS_PRICE,ORDERS_DATE,ORDERS_ADDRESSDETAIL,ORDERS_PHONE,ORDERS_REVIEWCHK,ORDERS_OPTION_TITLE) values (1671011435786234,'wpgh123',null,2,null,null,null,'서울시 강남구 역삼동','이제호',null,12600,'2022-12-15 10:20:00','gfdfg',null,'n',null);
Insert into MAKEIT.ORDERS (ORDERS_IDX,MEMBER_ID,FUND_IDX,STORE_IDX,ORDERS_CARD_COMPANY,ORDERS_CARD_NUMBER,ORDERS_CARD_PASSWORD,ORDERS_ADDRESS,ORDERS_RECEIVER,ORDERS_COMMENT,ORDERS_PRICE,ORDERS_DATE,ORDERS_ADDRESSDETAIL,ORDERS_PHONE,ORDERS_REVIEWCHK,ORDERS_OPTION_TITLE) values (151555786,'wpgh123',null,12,null,null,null,'서울시 강남구 역삼동','이제호',null,12600,'2022-12-15 10:20:00','gfdfg',null,'n',null);
Insert into MAKEIT.ORDERS (ORDERS_IDX,MEMBER_ID,FUND_IDX,STORE_IDX,ORDERS_CARD_COMPANY,ORDERS_CARD_NUMBER,ORDERS_CARD_PASSWORD,ORDERS_ADDRESS,ORDERS_RECEIVER,ORDERS_COMMENT,ORDERS_PRICE,ORDERS_DATE,ORDERS_ADDRESSDETAIL,ORDERS_PHONE,ORDERS_REVIEWCHK,ORDERS_OPTION_TITLE) values (99759123121731232,'jaeheon',3,null,null,null,null,'서울시 강남구','임재헌',null,202000,'2022-12-15 13:07:27',null,'01011112222','n','[얼리버드] 퓨전키보드 - 유니버설 커플');
Insert into MAKEIT.ORDERS (ORDERS_IDX,MEMBER_ID,FUND_IDX,STORE_IDX,ORDERS_CARD_COMPANY,ORDERS_CARD_NUMBER,ORDERS_CARD_PASSWORD,ORDERS_ADDRESS,ORDERS_RECEIVER,ORDERS_COMMENT,ORDERS_PRICE,ORDERS_DATE,ORDERS_ADDRESSDETAIL,ORDERS_PHONE,ORDERS_REVIEWCHK,ORDERS_OPTION_TITLE) values (1621731231,'wpgh123',null,1,null,null,null,'서울시 강남구 역삼동','이제호',null,17600,'2022-12-15 10:20:00','jfgfhgf',null,'n',null);
Insert into MAKEIT.ORDERS (ORDERS_IDX,MEMBER_ID,FUND_IDX,STORE_IDX,ORDERS_CARD_COMPANY,ORDERS_CARD_NUMBER,ORDERS_CARD_PASSWORD,ORDERS_ADDRESS,ORDERS_RECEIVER,ORDERS_COMMENT,ORDERS_PRICE,ORDERS_DATE,ORDERS_ADDRESSDETAIL,ORDERS_PHONE,ORDERS_REVIEWCHK,ORDERS_OPTION_TITLE) values (16709123121731231,'wpgh123',null,5,null,null,null,'서울시 강남구 역삼동','이제호',null,17600,'2022-12-15 10:20:00','jfgfhgf',null,'n',null);
Insert into MAKEIT.ORDERS (ORDERS_IDX,MEMBER_ID,FUND_IDX,STORE_IDX,ORDERS_CARD_COMPANY,ORDERS_CARD_NUMBER,ORDERS_CARD_PASSWORD,ORDERS_ADDRESS,ORDERS_RECEIVER,ORDERS_COMMENT,ORDERS_PRICE,ORDERS_DATE,ORDERS_ADDRESSDETAIL,ORDERS_PHONE,ORDERS_REVIEWCHK,ORDERS_OPTION_TITLE) values (167013445591234,'wpgh123',null,6,null,null,null,'서울시 강남구 역삼동','이제호',null,12600,'2022-12-15 10:20:00','gfdfg',null,'n',null);
Insert into MAKEIT.ORDERS (ORDERS_IDX,MEMBER_ID,FUND_IDX,STORE_IDX,ORDERS_CARD_COMPANY,ORDERS_CARD_NUMBER,ORDERS_CARD_PASSWORD,ORDERS_ADDRESS,ORDERS_RECEIVER,ORDERS_COMMENT,ORDERS_PRICE,ORDERS_DATE,ORDERS_ADDRESSDETAIL,ORDERS_PHONE,ORDERS_REVIEWCHK,ORDERS_OPTION_TITLE) values (1670999759111,'wpgh123',null,1,null,null,null,'서울시 강남구 역삼동','이제호',null,17600,'2022-12-15 10:20:00','jfgfhgf',null,'n',null);
Insert into MAKEIT.ORDERS (ORDERS_IDX,MEMBER_ID,FUND_IDX,STORE_IDX,ORDERS_CARD_COMPANY,ORDERS_CARD_NUMBER,ORDERS_CARD_PASSWORD,ORDERS_ADDRESS,ORDERS_RECEIVER,ORDERS_COMMENT,ORDERS_PRICE,ORDERS_DATE,ORDERS_ADDRESSDETAIL,ORDERS_PHONE,ORDERS_REVIEWCHK,ORDERS_OPTION_TITLE) values (167591234444,'wpgh123',null,4,null,null,null,'서울시 강남구 역삼동','이제호',null,12600,'2022-12-15 10:20:00','gfdfg',null,'n',null);
Insert into MAKEIT.ORDERS (ORDERS_IDX,MEMBER_ID,FUND_IDX,STORE_IDX,ORDERS_CARD_COMPANY,ORDERS_CARD_NUMBER,ORDERS_CARD_PASSWORD,ORDERS_ADDRESS,ORDERS_RECEIVER,ORDERS_COMMENT,ORDERS_PRICE,ORDERS_DATE,ORDERS_ADDRESSDETAIL,ORDERS_PHONE,ORDERS_REVIEWCHK,ORDERS_OPTION_TITLE) values (553121731231,'wpgh123',null,5,null,null,null,'서울시 강남구 역삼동','이제호',null,17600,'2022-12-15 10:20:00','jfgfhgf',null,'n',null);
Insert into MAKEIT.ORDERS (ORDERS_IDX,MEMBER_ID,FUND_IDX,STORE_IDX,ORDERS_CARD_COMPANY,ORDERS_CARD_NUMBER,ORDERS_CARD_PASSWORD,ORDERS_ADDRESS,ORDERS_RECEIVER,ORDERS_COMMENT,ORDERS_PRICE,ORDERS_DATE,ORDERS_ADDRESSDETAIL,ORDERS_PHONE,ORDERS_REVIEWCHK,ORDERS_OPTION_TITLE) values (167013477,'wpgh123',null,6,null,null,null,'서울시 강남구 역삼동','이제호',null,12600,'2022-12-15 10:20:00','gfdfg',null,'n',null);
Insert into MAKEIT.ORDERS (ORDERS_IDX,MEMBER_ID,FUND_IDX,STORE_IDX,ORDERS_CARD_COMPANY,ORDERS_CARD_NUMBER,ORDERS_CARD_PASSWORD,ORDERS_ADDRESS,ORDERS_RECEIVER,ORDERS_COMMENT,ORDERS_PRICE,ORDERS_DATE,ORDERS_ADDRESSDETAIL,ORDERS_PHONE,ORDERS_REVIEWCHK,ORDERS_OPTION_TITLE) values (99759123121731231,'wpgh123',null,1,null,null,null,'서울시 강남구 역삼동','이제호',null,17600,'2022-12-15 10:20:00','jfgfhgf',null,'n',null);
Insert into MAKEIT.ORDERS (ORDERS_IDX,MEMBER_ID,FUND_IDX,STORE_IDX,ORDERS_CARD_COMPANY,ORDERS_CARD_NUMBER,ORDERS_CARD_PASSWORD,ORDERS_ADDRESS,ORDERS_RECEIVER,ORDERS_COMMENT,ORDERS_PRICE,ORDERS_DATE,ORDERS_ADDRESSDETAIL,ORDERS_PHONE,ORDERS_REVIEWCHK,ORDERS_OPTION_TITLE) values (1759123121731231,'wpgh123',null,1,null,null,null,'서울시 강남구 역삼동','이제호',null,17600,'2022-12-15 10:20:00','jfgfhgf',null,'n',null);
Insert into MAKEIT.ORDERS (ORDERS_IDX,MEMBER_ID,FUND_IDX,STORE_IDX,ORDERS_CARD_COMPANY,ORDERS_CARD_NUMBER,ORDERS_CARD_PASSWORD,ORDERS_ADDRESS,ORDERS_RECEIVER,ORDERS_COMMENT,ORDERS_PRICE,ORDERS_DATE,ORDERS_ADDRESSDETAIL,ORDERS_PHONE,ORDERS_REVIEWCHK,ORDERS_OPTION_TITLE) values (169123121731231,'wpgh123',null,2,null,null,null,'서울시 강남구 역삼동','이제호',null,17600,'2022-12-15 10:20:00','jfgfhgf',null,'n',null);
Insert into MAKEIT.ORDERS (ORDERS_IDX,MEMBER_ID,FUND_IDX,STORE_IDX,ORDERS_CARD_COMPANY,ORDERS_CARD_NUMBER,ORDERS_CARD_PASSWORD,ORDERS_ADDRESS,ORDERS_RECEIVER,ORDERS_COMMENT,ORDERS_PRICE,ORDERS_DATE,ORDERS_ADDRESSDETAIL,ORDERS_PHONE,ORDERS_REVIEWCHK,ORDERS_OPTION_TITLE) values (16709121731231,'wpgh123',null,10,null,null,null,'서울시 강남구 역삼동','이제호',null,17600,'2022-12-15 10:20:00','jfgfhgf',null,'n',null);
Insert into MAKEIT.ORDERS (ORDERS_IDX,MEMBER_ID,FUND_IDX,STORE_IDX,ORDERS_CARD_COMPANY,ORDERS_CARD_NUMBER,ORDERS_CARD_PASSWORD,ORDERS_ADDRESS,ORDERS_RECEIVER,ORDERS_COMMENT,ORDERS_PRICE,ORDERS_DATE,ORDERS_ADDRESSDETAIL,ORDERS_PHONE,ORDERS_REVIEWCHK,ORDERS_OPTION_TITLE) values (1671010455786,'wpgh123',null,1,null,null,null,'서울시 강남구 역삼동','이제호',null,12600,'2022-12-14 18:34:16','gfdfg',null,'n',null);
REM INSERTING into MAKEIT.QNA
SET DEFINE OFF;
Insert into MAKEIT.QNA (QNA_IDX,MEMBER_ID,QNA_TITLE,QNA_CONTENT,QNA_IMG,QNA_DATE,QNA_HIT,QNA_CHANGE,STORE_IDX,QNA_CATEGORY) values (14,'wpgh123','ㄴㅇㄹㄴㅇㄹ','ㄴㅇㄹㄴㅇㄹ',null,to_date('2022/12/14','YYYY/MM/DD'),1,0,1,'기타');
Insert into MAKEIT.QNA (QNA_IDX,MEMBER_ID,QNA_TITLE,QNA_CONTENT,QNA_IMG,QNA_DATE,QNA_HIT,QNA_CHANGE,STORE_IDX,QNA_CATEGORY) values (15,'sfasf','sfsdf','sdfsdfsdf',null,to_date('2022/12/13','YYYY/MM/DD'),1,0,1,'기타');
Insert into MAKEIT.QNA (QNA_IDX,MEMBER_ID,QNA_TITLE,QNA_CONTENT,QNA_IMG,QNA_DATE,QNA_HIT,QNA_CHANGE,STORE_IDX,QNA_CATEGORY) values (3,'wpgh123','dfafadf','sdfsdfsdf',null,to_date('2022/12/13','YYYY/MM/DD'),3,0,1,'sdfsdf');
Insert into MAKEIT.QNA (QNA_IDX,MEMBER_ID,QNA_TITLE,QNA_CONTENT,QNA_IMG,QNA_DATE,QNA_HIT,QNA_CHANGE,STORE_IDX,QNA_CATEGORY) values (5,'wpgh123','adfadf','adfadfad',null,to_date('2022/12/13','YYYY/MM/DD'),2,0,1,'배송');
Insert into MAKEIT.QNA (QNA_IDX,MEMBER_ID,QNA_TITLE,QNA_CONTENT,QNA_IMG,QNA_DATE,QNA_HIT,QNA_CHANGE,STORE_IDX,QNA_CATEGORY) values (6,'wpgh123','fsf','sfdsdf',null,to_date('2022/12/13','YYYY/MM/DD'),2,0,1,'배송');
Insert into MAKEIT.QNA (QNA_IDX,MEMBER_ID,QNA_TITLE,QNA_CONTENT,QNA_IMG,QNA_DATE,QNA_HIT,QNA_CHANGE,STORE_IDX,QNA_CATEGORY) values (7,'wpgh123','sdfsdf','sdfsdfsdf',null,to_date('2022/12/13','YYYY/MM/DD'),2,0,1,'반품/취소');
Insert into MAKEIT.QNA (QNA_IDX,MEMBER_ID,QNA_TITLE,QNA_CONTENT,QNA_IMG,QNA_DATE,QNA_HIT,QNA_CHANGE,STORE_IDX,QNA_CATEGORY) values (8,'wpgh123','sdfsdf','sdfsdf',null,to_date('2022/12/13','YYYY/MM/DD'),2,0,1,'상품');
Insert into MAKEIT.QNA (QNA_IDX,MEMBER_ID,QNA_TITLE,QNA_CONTENT,QNA_IMG,QNA_DATE,QNA_HIT,QNA_CHANGE,STORE_IDX,QNA_CATEGORY) values (9,'wpgh123','sdfsd','sdfsdfsfdf',null,to_date('2022/12/13','YYYY/MM/DD'),2,0,1,'배송');
Insert into MAKEIT.QNA (QNA_IDX,MEMBER_ID,QNA_TITLE,QNA_CONTENT,QNA_IMG,QNA_DATE,QNA_HIT,QNA_CHANGE,STORE_IDX,QNA_CATEGORY) values (10,'wpgh123','adfad','fafda',null,to_date('2022/12/13','YYYY/MM/DD'),2,0,1,'상품');
Insert into MAKEIT.QNA (QNA_IDX,MEMBER_ID,QNA_TITLE,QNA_CONTENT,QNA_IMG,QNA_DATE,QNA_HIT,QNA_CHANGE,STORE_IDX,QNA_CATEGORY) values (11,'wpgh123','adfad','fafda',null,to_date('2022/12/13','YYYY/MM/DD'),2,1,1,'상품');
Insert into MAKEIT.QNA (QNA_IDX,MEMBER_ID,QNA_TITLE,QNA_CONTENT,QNA_IMG,QNA_DATE,QNA_HIT,QNA_CHANGE,STORE_IDX,QNA_CATEGORY) values (12,'wpgh123','sdfs','sdfsdfs',null,to_date('2022/12/13','YYYY/MM/DD'),1,1,11,'반품/취소');
Insert into MAKEIT.QNA (QNA_IDX,MEMBER_ID,QNA_TITLE,QNA_CONTENT,QNA_IMG,QNA_DATE,QNA_HIT,QNA_CHANGE,STORE_IDX,QNA_CATEGORY) values (13,'wpgh123','sfsdf','sdfsdfsdf',null,to_date('2022/12/13','YYYY/MM/DD'),1,0,12,'기타');
REM INSERTING into MAKEIT.QNA_RE
SET DEFINE OFF;
Insert into MAKEIT.QNA_RE (QNA_IDX,STORE_IDX,QNA_RE_CONTENT,QNA_RE_DATE) values (2,1,'ㄴㅇㄹㄴㄹㄴㄹ','22/12/13');
Insert into MAKEIT.QNA_RE (QNA_IDX,STORE_IDX,QNA_RE_CONTENT,QNA_RE_DATE) values (1,1,'ㅁㄷㄹㅁㄹㅁㄹㅇ','22/12/13');
Insert into MAKEIT.QNA_RE (QNA_IDX,STORE_IDX,QNA_RE_CONTENT,QNA_RE_DATE) values (2,1,'ㄴㅇㄹㄴㄹㄴㄹ','22/12/13');
Insert into MAKEIT.QNA_RE (QNA_IDX,STORE_IDX,QNA_RE_CONTENT,QNA_RE_DATE) values (1,1,'ㅁㄷㄹㅁㄹㅁㄹㅇ','22/12/13');
REM INSERTING into MAKEIT.STORE
SET DEFINE OFF;
Insert into MAKEIT.STORE (STORE_IDX,STORE_TITLE,STORE_PRICE,STORE_IMG,STORE_DATE,STORE_CATEGORY,STORE_SATISFY,STORE_DEL,MEMBER_ID,STORE_DEL2,STORE_NICKNAME,STORE_IMG_DETAIL) values (1,'진짜 그릭요거트, 그릭오',14600,'greek-o.png',to_date('2022/11/22','YYYY/MM/DD'),'푸드',5,'3000','wpgh123','2일','앤드식스 주식회사','greek-o1.png;greek-o2.png;greek-o3.png;greek-o4.jpg');
Insert into MAKEIT.STORE (STORE_IDX,STORE_TITLE,STORE_PRICE,STORE_IMG,STORE_DATE,STORE_CATEGORY,STORE_SATISFY,STORE_DEL,MEMBER_ID,STORE_DEL2,STORE_NICKNAME,STORE_IMG_DETAIL) values (2,'아일랜드박스 제철 고당도 타이벡 방수재배 감귤',26000,'mandarin.png',to_date('2022/11/22','YYYY/MM/DD'),'푸드',4,'4500','wpgh123',null,null,'greek-o1.png;mandarin1.jpg;mandarin2.jpg;mandarin3.jpg;mandarin4.jpg;mandarin5.jpg;mandarin6.jpg');
Insert into MAKEIT.STORE (STORE_IDX,STORE_TITLE,STORE_PRICE,STORE_IMG,STORE_DATE,STORE_CATEGORY,STORE_SATISFY,STORE_DEL,MEMBER_ID,STORE_DEL2,STORE_NICKNAME,STORE_IMG_DETAIL) values (3,'두툼한 육질, 육향가득 문츠 바베큐 폭립!',23000,'bbq.gif',to_date('2022/12/01','YYYY/MM/DD'),'푸드',3,'4000','wpgh123',null,null,'greek-o1.png;bbq1.jpg;bbq2.jpg;bbq3.png;');
Insert into MAKEIT.STORE (STORE_IDX,STORE_TITLE,STORE_PRICE,STORE_IMG,STORE_DATE,STORE_CATEGORY,STORE_SATISFY,STORE_DEL,MEMBER_ID,STORE_DEL2,STORE_NICKNAME,STORE_IMG_DETAIL) values (4,'6만원대에 누리는 명품 안경의 새로운 척도!',69000,'glasses.png',to_date('2022/11/23','YYYY/MM/DD'),'패션·잡화',2,'3000','wpgh123','구매 후 1일 내 발송(주말, 공휴일 제외)',null,'glasses1.jpg;glasses2.gif;glasses3.jpg;glasses4.jpg;glasses5.jpg');
Insert into MAKEIT.STORE (STORE_IDX,STORE_TITLE,STORE_PRICE,STORE_IMG,STORE_DATE,STORE_CATEGORY,STORE_SATISFY,STORE_DEL,MEMBER_ID,STORE_DEL2,STORE_NICKNAME,STORE_IMG_DETAIL) values (5,'떡솝, 세수만으로 피부가 좋아지는 인생클렌저',28000,'sop.png',to_date('2022/11/30','YYYY/MM/DD'),'뷰티',1,'3000','wpgh123','평일 14시 전 주문하면 오늘 출발',null,'greek-o1.png;sop1.jpg;sop2.gif;sop3.jpg;sop4.jpg;sop5.gif;sop6.jpg');
Insert into MAKEIT.STORE (STORE_IDX,STORE_TITLE,STORE_PRICE,STORE_IMG,STORE_DATE,STORE_CATEGORY,STORE_SATISFY,STORE_DEL,MEMBER_ID,STORE_DEL2,STORE_NICKNAME,STORE_IMG_DETAIL) values (6,'개츠비 키보드ㅣ소리까지 클래식 타자기를 닮은, 가장 낭만적인 무선 키보드',345000,'keybord1.png',to_date('2022/11/30','YYYY/MM/DD'),'테크·가전',2.5,'0','wpgh123','구매 후 2일 내 발송(주말, 공휴일 제외)',null,'greek-o1.png;main3.jpg;keybord.gif');
Insert into MAKEIT.STORE (STORE_IDX,STORE_TITLE,STORE_PRICE,STORE_IMG,STORE_DATE,STORE_CATEGORY,STORE_SATISFY,STORE_DEL,MEMBER_ID,STORE_DEL2,STORE_NICKNAME,STORE_IMG_DETAIL) values (7,'[꿀당도 고구마 1초컷?] 삶고굽고찌고 이제 그만! 불로구마!',24900,'main2.jpg',to_date('2022/11/22','YYYY/MM/DD'),'푸드',4.9,'0','wpgh123','구매 후 1일 내 발송(주말, 공휴일 제외)','앤드식스 주식회사','greek-o1.png;sop1.jpg;sop2.jpg;sop3.jpg;sop4.jpg;sop5.gif;sop6.jpg;sop8.gif;sop9.jpg;sop10.jpg;sop11.jpg;sop12.jpg');
Insert into MAKEIT.STORE (STORE_IDX,STORE_TITLE,STORE_PRICE,STORE_IMG,STORE_DATE,STORE_CATEGORY,STORE_SATISFY,STORE_DEL,MEMBER_ID,STORE_DEL2,STORE_NICKNAME,STORE_IMG_DETAIL) values (8,'60년 혼을 담아 만든 손톱깎이 HON',50000,'손톱1.gif',to_date('2022/11/22','YYYY/MM/DD'),'패션·잡화',1,'0','wpgh123','구매 후 2일 내 발송(주말, 공휴일 제외)','로얄금속공업(주)','greek-o1.png;손톱2.jpg;손톱3.png;손톱4.jpg');
Insert into MAKEIT.STORE (STORE_IDX,STORE_TITLE,STORE_PRICE,STORE_IMG,STORE_DATE,STORE_CATEGORY,STORE_SATISFY,STORE_DEL,MEMBER_ID,STORE_DEL2,STORE_NICKNAME,STORE_IMG_DETAIL) values (9,'흩어진 아웃도어용품을 이 하나에! 미국스키대표팀 공급사가 만든 스키용품백',159000,'bag.png',to_date('2022/12/01','YYYY/MM/DD'),'패션·잡화',0,'3000','wpgh123','구매 후 2일 내 발송(주말, 공휴일 제외)','태남디비아이 주식회사','greek-o1.png;bag1.jpg;bag2.png;bag3.jpg;bag4.gif;bag5.jpg;bag6.gif;bag7.png;bag8.jpg;bag9.jpg');
Insert into MAKEIT.STORE (STORE_IDX,STORE_TITLE,STORE_PRICE,STORE_IMG,STORE_DATE,STORE_CATEGORY,STORE_SATISFY,STORE_DEL,MEMBER_ID,STORE_DEL2,STORE_NICKNAME,STORE_IMG_DETAIL) values (10,'재택근무, 홈스쿨링 필수템! 에르고미 4way 랩데스크',29500,'lap.jpg',to_date('2022/11/23','YYYY/MM/DD'),'패션·잡화',4.54545454545454545454545454545454545455,'3500','wpgh123','구매 후 1일 내 발송(주말, 공휴일 제외)','RJ컨셉스토어','greek-o1.png;laptop.jpg;laptop2.jpg;laptop3.jpg;laptop4.jpg;laptop5.gif;laptop6.png');
Insert into MAKEIT.STORE (STORE_IDX,STORE_TITLE,STORE_PRICE,STORE_IMG,STORE_DATE,STORE_CATEGORY,STORE_SATISFY,STORE_DEL,MEMBER_ID,STORE_DEL2,STORE_NICKNAME,STORE_IMG_DETAIL) values (11,'술자리 인싸템이 왔다! | 진로 소주 디스펜서',28000,'jinro2.gif',to_date('2022/11/30','YYYY/MM/DD'),'테크·가전',0,'0','wpgh123','구매 후 3일 내 발송(주말, 공휴일 제외)','와디즈','greek-o1.png;jinro1.png;jinro2.gif;jinro3.jpg;jinro4.jpg;');
Insert into MAKEIT.STORE (STORE_IDX,STORE_TITLE,STORE_PRICE,STORE_IMG,STORE_DATE,STORE_CATEGORY,STORE_SATISFY,STORE_DEL,MEMBER_ID,STORE_DEL2,STORE_NICKNAME,STORE_IMG_DETAIL) values (12,' 키보드 풀세트 I 귀여운건 좋고 일하기 싫은 어른이 모여!',7900,'luffy.gif',to_date('2022/11/30','YYYY/MM/DD'),'테크·가전',4.5,'0','wpgh7778','구매 후 2일 내 발송(주말, 공휴일 제외)','(주)로이체','greek-o1.png;luffy1.jpg;luffy2.jpg;luffy3.jpg;luffy4.gif;luff5.gif;luffy5.jpg');
REM INSERTING into MAKEIT.STORE_LIKE
SET DEFINE OFF;
Insert into MAKEIT.STORE_LIKE (STORE_LIKE_IDX,STORE_IDX,MEMBER_ID) values (17,5,'FUND2');
Insert into MAKEIT.STORE_LIKE (STORE_LIKE_IDX,STORE_IDX,MEMBER_ID) values (39,11,'wpgh123');
Insert into MAKEIT.STORE_LIKE (STORE_LIKE_IDX,STORE_IDX,MEMBER_ID) values (16,5,'hong221208');
Insert into MAKEIT.STORE_LIKE (STORE_LIKE_IDX,STORE_IDX,MEMBER_ID) values (41,2,'wpgh123');
Insert into MAKEIT.STORE_LIKE (STORE_LIKE_IDX,STORE_IDX,MEMBER_ID) values (36,5,'wpgh123');
Insert into MAKEIT.STORE_LIKE (STORE_LIKE_IDX,STORE_IDX,MEMBER_ID) values (22,2,'seal1245');
Insert into MAKEIT.STORE_LIKE (STORE_LIKE_IDX,STORE_IDX,MEMBER_ID) values (24,11,'seal1245');
Insert into MAKEIT.STORE_LIKE (STORE_LIKE_IDX,STORE_IDX,MEMBER_ID) values (43,12,'wpgh123');
Insert into MAKEIT.STORE_LIKE (STORE_LIKE_IDX,STORE_IDX,MEMBER_ID) values (42,1,'wpgh123');
Insert into MAKEIT.STORE_LIKE (STORE_LIKE_IDX,STORE_IDX,MEMBER_ID) values (51,2,'wpgh7778');
Insert into MAKEIT.STORE_LIKE (STORE_LIKE_IDX,STORE_IDX,MEMBER_ID) values (52,5,'wpgh7778');
Insert into MAKEIT.STORE_LIKE (STORE_LIKE_IDX,STORE_IDX,MEMBER_ID) values (46,6,'wpgh7778');
Insert into MAKEIT.STORE_LIKE (STORE_LIKE_IDX,STORE_IDX,MEMBER_ID) values (47,3,'wpgh7778');
Insert into MAKEIT.STORE_LIKE (STORE_LIKE_IDX,STORE_IDX,MEMBER_ID) values (53,1,'wpgh7778');
Insert into MAKEIT.STORE_LIKE (STORE_LIKE_IDX,STORE_IDX,MEMBER_ID) values (49,8,'wpgh7778');
Insert into MAKEIT.STORE_LIKE (STORE_LIKE_IDX,STORE_IDX,MEMBER_ID) values (55,3,'wpgh123');
Insert into MAKEIT.STORE_LIKE (STORE_LIKE_IDX,STORE_IDX,MEMBER_ID) values (54,9,'wpgh7778');
REM INSERTING into MAKEIT.STORE_OPTION
SET DEFINE OFF;
Insert into MAKEIT.STORE_OPTION (STORE_IDX,STORE_OPTION,STORE_OPTIONDETAIL,STORE_OPTIONPRICE) values (1,'스테비아스위트 240g * 2','그릭오 그릭요거트 스테비아스위트 240g, 2개',14600);
Insert into MAKEIT.STORE_OPTION (STORE_IDX,STORE_OPTION,STORE_OPTIONDETAIL,STORE_OPTIONPRICE) values (1,'크리미플레인 320g * 2','그릭오 그릭요거트 크리미플레인 320g * 2',18600);
Insert into MAKEIT.STORE_OPTION (STORE_IDX,STORE_OPTION,STORE_OPTIONDETAIL,STORE_OPTIONPRICE) values (6,'아지오 레트로 클래식 키보드 - 옐우드','[고급 키보드의 끝판왕] 아지오 레트로 클래식 키보드 - 옐우드',345000);
Insert into MAKEIT.STORE_OPTION (STORE_IDX,STORE_OPTION,STORE_OPTIONDETAIL,STORE_OPTIONPRICE) values (6,'아지오 레트로 클래식 키보드 - 아티잔','[고급 키보드의 끝판왕] 아지오 레트로 클래식 키보드 - 아티잔',345000);
Insert into MAKEIT.STORE_OPTION (STORE_IDX,STORE_OPTION,STORE_OPTIONDETAIL,STORE_OPTIONPRICE) values (6,'아지오 레트로 클래식 키보드 - 포쉬','[고급 키보드의 끝판왕] 아지오 레트로 클래식 키보드 - 포쉬',345000);
Insert into MAKEIT.STORE_OPTION (STORE_IDX,STORE_OPTION,STORE_OPTIONDETAIL,STORE_OPTIONPRICE) values (2,'고당도 방수재배감귤 미니팩 2.5kg (1~2인용)',null,26000);
Insert into MAKEIT.STORE_OPTION (STORE_IDX,STORE_OPTION,STORE_OPTIONDETAIL,STORE_OPTIONPRICE) values (2,'고당도 방수재배감귤 싱글팩 4.5kg(3~4인용)',null,37000);
Insert into MAKEIT.STORE_OPTION (STORE_IDX,STORE_OPTION,STORE_OPTIONDETAIL,STORE_OPTIONPRICE) values (3,'문츠 하우스 바베큐 폭립 (650g)',null,23000);
Insert into MAKEIT.STORE_OPTION (STORE_IDX,STORE_OPTION,STORE_OPTIONDETAIL,STORE_OPTIONPRICE) values (4,'BETHEL(안경 단품) - BLACK',null,69000);
Insert into MAKEIT.STORE_OPTION (STORE_IDX,STORE_OPTION,STORE_OPTIONDETAIL,STORE_OPTIONPRICE) values (4,'BETHEL(안경 단품) - CRYSTAL',null,69000);
Insert into MAKEIT.STORE_OPTION (STORE_IDX,STORE_OPTION,STORE_OPTIONDETAIL,STORE_OPTIONPRICE) values (8,'코털정리기 TAN:Bshell 단품',null,55000);
Insert into MAKEIT.STORE_OPTION (STORE_IDX,STORE_OPTION,STORE_OPTIONDETAIL,STORE_OPTIONPRICE) values (8,'손톱깎이 HON 단품',null,50000);
Insert into MAKEIT.STORE_OPTION (STORE_IDX,STORE_OPTION,STORE_OPTIONDETAIL,STORE_OPTIONPRICE) values (7,'불로구마 총 10팩(1팩당 120-140g 고구마 1개)',null,24900);
Insert into MAKEIT.STORE_OPTION (STORE_IDX,STORE_OPTION,STORE_OPTIONDETAIL,STORE_OPTIONPRICE) values (7,'불로구마 총 20팩(1팩당 120-140g 고구마 1개)',null,43900);
Insert into MAKEIT.STORE_OPTION (STORE_IDX,STORE_OPTION,STORE_OPTIONDETAIL,STORE_OPTIONPRICE) values (7,'불로구마 총 30팩(1팩당 120-140g 고구마 1개)',null,63800);
Insert into MAKEIT.STORE_OPTION (STORE_IDX,STORE_OPTION,STORE_OPTIONDETAIL,STORE_OPTIONPRICE) values (7,'불로구마 총 50팩(1팩당 120-140g 고구마 1개)',null,102800);
Insert into MAKEIT.STORE_OPTION (STORE_IDX,STORE_OPTION,STORE_OPTIONDETAIL,STORE_OPTIONPRICE) values (9,'[미국스키스노우보드팀 공식공급사]와일드혼 브림홀 스키부츠백',null,159000);
Insert into MAKEIT.STORE_OPTION (STORE_IDX,STORE_OPTION,STORE_OPTIONDETAIL,STORE_OPTIONPRICE) values (10,'에르고미 랩데스크 블랙에디션 S',null,29500);
Insert into MAKEIT.STORE_OPTION (STORE_IDX,STORE_OPTION,STORE_OPTIONDETAIL,STORE_OPTIONPRICE) values (10,'에르고미 랩데스크 블랙에디션 L',null,34500);
Insert into MAKEIT.STORE_OPTION (STORE_IDX,STORE_OPTION,STORE_OPTIONDETAIL,STORE_OPTIONPRICE) values (11,'[홈술포차][wadiz only] 진로 소주 디스펜서 1개',null,49000);
Insert into MAKEIT.STORE_OPTION (STORE_IDX,STORE_OPTION,STORE_OPTIONDETAIL,STORE_OPTIONPRICE) values (12,'잔망루피 멀티페어링 무선 키보드',null,44900);
Insert into MAKEIT.STORE_OPTION (STORE_IDX,STORE_OPTION,STORE_OPTIONDETAIL,STORE_OPTIONPRICE) values (12,'잔망루피 멀티페어링 무선 마우스',null,24900);
Insert into MAKEIT.STORE_OPTION (STORE_IDX,STORE_OPTION,STORE_OPTIONDETAIL,STORE_OPTIONPRICE) values (12,'잔망루피 PVC 마우스패드',null,7900);
REM INSERTING into MAKEIT.STORE_REVIEW
SET DEFINE OFF;
Insert into MAKEIT.STORE_REVIEW (STORE_IDX,MEMBER_ID,STORE_REVIEW_IMG,STORE_REVIEW_SCORE,STORE_REVIEW_CONTENT,STORE_REVIEW_REGDATE) values (1,'wpgh123',null,5,'그릭오 진짜 맛있어요~!','2022-12-15 11:50:23');
Insert into MAKEIT.STORE_REVIEW (STORE_IDX,MEMBER_ID,STORE_REVIEW_IMG,STORE_REVIEW_SCORE,STORE_REVIEW_CONTENT,STORE_REVIEW_REGDATE) values (1,'wpgh123','greek-o2.png',5,'그릭오진짜 맛있어요 ㅠㅠ','2022-12-15 12:11:06');
--------------------------------------------------------
--  DDL for Index PK_CS
--------------------------------------------------------

  CREATE UNIQUE INDEX "MAKEIT"."PK_CS" ON "MAKEIT"."CS" ("CS_IDX") 
  PCTFREE 10 INITRANS 2 MAXTRANS 255 COMPUTE STATISTICS 
  STORAGE(INITIAL 65536 NEXT 1048576 MINEXTENTS 1 MAXEXTENTS 2147483645
  PCTINCREASE 0 FREELISTS 1 FREELIST GROUPS 1 BUFFER_POOL DEFAULT FLASH_CACHE DEFAULT CELL_FLASH_CACHE DEFAULT)
  TABLESPACE "SYSTEM" ;
--------------------------------------------------------
--  DDL for Index SYS_C007981
--------------------------------------------------------

  CREATE UNIQUE INDEX "MAKEIT"."SYS_C007981" ON "MAKEIT"."CS_LIKE" ("CS_LIKE_IDX") 
  PCTFREE 10 INITRANS 2 MAXTRANS 255 COMPUTE STATISTICS 
  STORAGE(INITIAL 65536 NEXT 1048576 MINEXTENTS 1 MAXEXTENTS 2147483645
  PCTINCREASE 0 FREELISTS 1 FREELIST GROUPS 1 BUFFER_POOL DEFAULT FLASH_CACHE DEFAULT CELL_FLASH_CACHE DEFAULT)
  TABLESPACE "SYSTEM" ;
--------------------------------------------------------
--  DDL for Index PK_FUND_LIKE
--------------------------------------------------------

  CREATE UNIQUE INDEX "MAKEIT"."PK_FUND_LIKE" ON "MAKEIT"."FUND_LIKE" ("FUND_LIKE_IDX") 
  PCTFREE 10 INITRANS 2 MAXTRANS 255 COMPUTE STATISTICS 
  STORAGE(INITIAL 65536 NEXT 1048576 MINEXTENTS 1 MAXEXTENTS 2147483645
  PCTINCREASE 0 FREELISTS 1 FREELIST GROUPS 1 BUFFER_POOL DEFAULT FLASH_CACHE DEFAULT CELL_FLASH_CACHE DEFAULT)
  TABLESPACE "SYSTEM" ;
--------------------------------------------------------
--  DDL for Index PK_FUND_PROJECT
--------------------------------------------------------

  CREATE UNIQUE INDEX "MAKEIT"."PK_FUND_PROJECT" ON "MAKEIT"."FUND_PROJECT" ("FUND_IDX") 
  PCTFREE 10 INITRANS 2 MAXTRANS 255 COMPUTE STATISTICS 
  STORAGE(INITIAL 65536 NEXT 1048576 MINEXTENTS 1 MAXEXTENTS 2147483645
  PCTINCREASE 0 FREELISTS 1 FREELIST GROUPS 1 BUFFER_POOL DEFAULT FLASH_CACHE DEFAULT CELL_FLASH_CACHE DEFAULT)
  TABLESPACE "SYSTEM" ;
--------------------------------------------------------
--  DDL for Index PK_FUND_REVIEW
--------------------------------------------------------

  CREATE UNIQUE INDEX "MAKEIT"."PK_FUND_REVIEW" ON "MAKEIT"."FUND_REVIEW" ("FUND_REVIEW_IDX") 
  PCTFREE 10 INITRANS 2 MAXTRANS 255 COMPUTE STATISTICS 
  STORAGE(INITIAL 65536 NEXT 1048576 MINEXTENTS 1 MAXEXTENTS 2147483645
  PCTINCREASE 0 FREELISTS 1 FREELIST GROUPS 1 BUFFER_POOL DEFAULT FLASH_CACHE DEFAULT CELL_FLASH_CACHE DEFAULT)
  TABLESPACE "SYSTEM" ;
--------------------------------------------------------
--  DDL for Index PK_MEMBER
--------------------------------------------------------

  CREATE UNIQUE INDEX "MAKEIT"."PK_MEMBER" ON "MAKEIT"."MEMBER" ("MEMBER_ID") 
  PCTFREE 10 INITRANS 2 MAXTRANS 255 COMPUTE STATISTICS 
  STORAGE(INITIAL 65536 NEXT 1048576 MINEXTENTS 1 MAXEXTENTS 2147483645
  PCTINCREASE 0 FREELISTS 1 FREELIST GROUPS 1 BUFFER_POOL DEFAULT FLASH_CACHE DEFAULT CELL_FLASH_CACHE DEFAULT)
  TABLESPACE "SYSTEM" ;
--------------------------------------------------------
--  DDL for Index PK_ORDERS
--------------------------------------------------------

  CREATE UNIQUE INDEX "MAKEIT"."PK_ORDERS" ON "MAKEIT"."ORDERS" ("ORDERS_IDX") 
  PCTFREE 10 INITRANS 2 MAXTRANS 255 COMPUTE STATISTICS 
  STORAGE(INITIAL 65536 NEXT 1048576 MINEXTENTS 1 MAXEXTENTS 2147483645
  PCTINCREASE 0 FREELISTS 1 FREELIST GROUPS 1 BUFFER_POOL DEFAULT FLASH_CACHE DEFAULT CELL_FLASH_CACHE DEFAULT)
  TABLESPACE "SYSTEM" ;
--------------------------------------------------------
--  DDL for Index PK_QNA
--------------------------------------------------------

  CREATE UNIQUE INDEX "MAKEIT"."PK_QNA" ON "MAKEIT"."QNA" ("QNA_IDX") 
  PCTFREE 10 INITRANS 2 MAXTRANS 255 COMPUTE STATISTICS 
  STORAGE(INITIAL 65536 NEXT 1048576 MINEXTENTS 1 MAXEXTENTS 2147483645
  PCTINCREASE 0 FREELISTS 1 FREELIST GROUPS 1 BUFFER_POOL DEFAULT FLASH_CACHE DEFAULT CELL_FLASH_CACHE DEFAULT)
  TABLESPACE "SYSTEM" ;
--------------------------------------------------------
--  DDL for Index PK_STORE
--------------------------------------------------------

  CREATE UNIQUE INDEX "MAKEIT"."PK_STORE" ON "MAKEIT"."STORE" ("STORE_IDX") 
  PCTFREE 10 INITRANS 2 MAXTRANS 255 COMPUTE STATISTICS 
  STORAGE(INITIAL 65536 NEXT 1048576 MINEXTENTS 1 MAXEXTENTS 2147483645
  PCTINCREASE 0 FREELISTS 1 FREELIST GROUPS 1 BUFFER_POOL DEFAULT FLASH_CACHE DEFAULT CELL_FLASH_CACHE DEFAULT)
  TABLESPACE "SYSTEM" ;
--------------------------------------------------------
--  DDL for Index PK_STORE_LIKE
--------------------------------------------------------

  CREATE UNIQUE INDEX "MAKEIT"."PK_STORE_LIKE" ON "MAKEIT"."STORE_LIKE" ("STORE_LIKE_IDX") 
  PCTFREE 10 INITRANS 2 MAXTRANS 255 COMPUTE STATISTICS 
  STORAGE(INITIAL 65536 NEXT 1048576 MINEXTENTS 1 MAXEXTENTS 2147483645
  PCTINCREASE 0 FREELISTS 1 FREELIST GROUPS 1 BUFFER_POOL DEFAULT FLASH_CACHE DEFAULT CELL_FLASH_CACHE DEFAULT)
  TABLESPACE "SYSTEM" ;
--------------------------------------------------------
--  Constraints for Table CARD
--------------------------------------------------------

  ALTER TABLE "MAKEIT"."CARD" MODIFY ("MEMBER_ID" NOT NULL ENABLE);
  ALTER TABLE "MAKEIT"."CARD" MODIFY ("CARD_CATEGORY" NOT NULL ENABLE);
  ALTER TABLE "MAKEIT"."CARD" MODIFY ("CARD_NUMBER" NOT NULL ENABLE);
  ALTER TABLE "MAKEIT"."CARD" MODIFY ("CARD_EXPIRATION" NOT NULL ENABLE);
  ALTER TABLE "MAKEIT"."CARD" MODIFY ("CARD_SECURITY" NOT NULL ENABLE);
--------------------------------------------------------
--  Constraints for Table CS
--------------------------------------------------------

  ALTER TABLE "MAKEIT"."CS" ADD CONSTRAINT "PK_CS" PRIMARY KEY ("CS_IDX")
  USING INDEX PCTFREE 10 INITRANS 2 MAXTRANS 255 COMPUTE STATISTICS 
  STORAGE(INITIAL 65536 NEXT 1048576 MINEXTENTS 1 MAXEXTENTS 2147483645
  PCTINCREASE 0 FREELISTS 1 FREELIST GROUPS 1 BUFFER_POOL DEFAULT FLASH_CACHE DEFAULT CELL_FLASH_CACHE DEFAULT)
  TABLESPACE "SYSTEM"  ENABLE;
  ALTER TABLE "MAKEIT"."CS" MODIFY ("CS_CATEGORY" NOT NULL ENABLE);
  ALTER TABLE "MAKEIT"."CS" MODIFY ("CS_IDX" NOT NULL ENABLE);
  ALTER TABLE "MAKEIT"."CS" MODIFY ("CS_TITLE" NOT NULL ENABLE);
  ALTER TABLE "MAKEIT"."CS" MODIFY ("CS_CONTENT" NOT NULL ENABLE);
  ALTER TABLE "MAKEIT"."CS" MODIFY ("CS_DATE" NOT NULL ENABLE);
  ALTER TABLE "MAKEIT"."CS" MODIFY ("CS_HIT" NOT NULL ENABLE);
--------------------------------------------------------
--  Constraints for Table CS_LIKE
--------------------------------------------------------

  ALTER TABLE "MAKEIT"."CS_LIKE" ADD PRIMARY KEY ("CS_LIKE_IDX")
  USING INDEX PCTFREE 10 INITRANS 2 MAXTRANS 255 COMPUTE STATISTICS 
  STORAGE(INITIAL 65536 NEXT 1048576 MINEXTENTS 1 MAXEXTENTS 2147483645
  PCTINCREASE 0 FREELISTS 1 FREELIST GROUPS 1 BUFFER_POOL DEFAULT FLASH_CACHE DEFAULT CELL_FLASH_CACHE DEFAULT)
  TABLESPACE "SYSTEM"  ENABLE;
--------------------------------------------------------
--  Constraints for Table FUND_LIKE
--------------------------------------------------------

  ALTER TABLE "MAKEIT"."FUND_LIKE" ADD CONSTRAINT "PK_FUND_LIKE" PRIMARY KEY ("FUND_LIKE_IDX")
  USING INDEX PCTFREE 10 INITRANS 2 MAXTRANS 255 COMPUTE STATISTICS 
  STORAGE(INITIAL 65536 NEXT 1048576 MINEXTENTS 1 MAXEXTENTS 2147483645
  PCTINCREASE 0 FREELISTS 1 FREELIST GROUPS 1 BUFFER_POOL DEFAULT FLASH_CACHE DEFAULT CELL_FLASH_CACHE DEFAULT)
  TABLESPACE "SYSTEM"  ENABLE;
  ALTER TABLE "MAKEIT"."FUND_LIKE" MODIFY ("FUND_LIKE_IDX" NOT NULL ENABLE);
  ALTER TABLE "MAKEIT"."FUND_LIKE" MODIFY ("FUND_IDX" NOT NULL ENABLE);
  ALTER TABLE "MAKEIT"."FUND_LIKE" MODIFY ("MEMBER_ID" NOT NULL ENABLE);
--------------------------------------------------------
--  Constraints for Table FUND_OPTION
--------------------------------------------------------

  ALTER TABLE "MAKEIT"."FUND_OPTION" MODIFY ("FUND_IDX" NOT NULL ENABLE);
  ALTER TABLE "MAKEIT"."FUND_OPTION" MODIFY ("FUND_OPTION_PRICE" NOT NULL ENABLE);
  ALTER TABLE "MAKEIT"."FUND_OPTION" MODIFY ("FUND_OPTION_CONTENT" NOT NULL ENABLE);
  ALTER TABLE "MAKEIT"."FUND_OPTION" MODIFY ("FUND_OPTION_TITLE" NOT NULL ENABLE);
--------------------------------------------------------
--  Constraints for Table FUND_PROJECT
--------------------------------------------------------

  ALTER TABLE "MAKEIT"."FUND_PROJECT" ADD CONSTRAINT "PK_FUND_PROJECT" PRIMARY KEY ("FUND_IDX")
  USING INDEX PCTFREE 10 INITRANS 2 MAXTRANS 255 COMPUTE STATISTICS 
  STORAGE(INITIAL 65536 NEXT 1048576 MINEXTENTS 1 MAXEXTENTS 2147483645
  PCTINCREASE 0 FREELISTS 1 FREELIST GROUPS 1 BUFFER_POOL DEFAULT FLASH_CACHE DEFAULT CELL_FLASH_CACHE DEFAULT)
  TABLESPACE "SYSTEM"  ENABLE;
  ALTER TABLE "MAKEIT"."FUND_PROJECT" MODIFY ("FUND_IDX" NOT NULL ENABLE);
  ALTER TABLE "MAKEIT"."FUND_PROJECT" MODIFY ("MEMBER_ID" NOT NULL ENABLE);
  ALTER TABLE "MAKEIT"."FUND_PROJECT" MODIFY ("FUND_TITLE" NOT NULL ENABLE);
  ALTER TABLE "MAKEIT"."FUND_PROJECT" MODIFY ("FUND_MEMBERSHIP" NOT NULL ENABLE);
  ALTER TABLE "MAKEIT"."FUND_PROJECT" MODIFY ("FUND_MAINIMG" NOT NULL ENABLE);
  ALTER TABLE "MAKEIT"."FUND_PROJECT" MODIFY ("FUND_DETAILIMG" NOT NULL ENABLE);
  ALTER TABLE "MAKEIT"."FUND_PROJECT" MODIFY ("FUND_CATEGORY" NOT NULL ENABLE);
  ALTER TABLE "MAKEIT"."FUND_PROJECT" MODIFY ("FUND_TARGET_PRICE" NOT NULL ENABLE);
  ALTER TABLE "MAKEIT"."FUND_PROJECT" MODIFY ("FUND_STARTDATE" NOT NULL ENABLE);
  ALTER TABLE "MAKEIT"."FUND_PROJECT" MODIFY ("FUND_ENDDATE" NOT NULL ENABLE);
  ALTER TABLE "MAKEIT"."FUND_PROJECT" MODIFY ("FUND_TAG" NOT NULL ENABLE);
--------------------------------------------------------
--  Constraints for Table FUND_QNA
--------------------------------------------------------

  ALTER TABLE "MAKEIT"."FUND_QNA" MODIFY ("MEMBER_ID" NOT NULL ENABLE);
  ALTER TABLE "MAKEIT"."FUND_QNA" MODIFY ("FUND_IDX" NOT NULL ENABLE);
  ALTER TABLE "MAKEIT"."FUND_QNA" MODIFY ("FUND_QNA_IDX" NOT NULL ENABLE);
  ALTER TABLE "MAKEIT"."FUND_QNA" MODIFY ("FUND_QNA_DATE" NOT NULL ENABLE);
--------------------------------------------------------
--  Constraints for Table FUND_REVIEW
--------------------------------------------------------

  ALTER TABLE "MAKEIT"."FUND_REVIEW" MODIFY ("FUND_REVIEW_IDX" NOT NULL ENABLE);
  ALTER TABLE "MAKEIT"."FUND_REVIEW" MODIFY ("FUND_IDX" NOT NULL ENABLE);
  ALTER TABLE "MAKEIT"."FUND_REVIEW" MODIFY ("MEMBER_ID" NOT NULL ENABLE);
  ALTER TABLE "MAKEIT"."FUND_REVIEW" MODIFY ("FUND_REVIEW_CONTENT" NOT NULL ENABLE);
  ALTER TABLE "MAKEIT"."FUND_REVIEW" ADD CONSTRAINT "PK_FUND_REVIEW" PRIMARY KEY ("FUND_REVIEW_IDX")
  USING INDEX PCTFREE 10 INITRANS 2 MAXTRANS 255 COMPUTE STATISTICS 
  STORAGE(INITIAL 65536 NEXT 1048576 MINEXTENTS 1 MAXEXTENTS 2147483645
  PCTINCREASE 0 FREELISTS 1 FREELIST GROUPS 1 BUFFER_POOL DEFAULT FLASH_CACHE DEFAULT CELL_FLASH_CACHE DEFAULT)
  TABLESPACE "SYSTEM"  ENABLE;
--------------------------------------------------------
--  Constraints for Table FUND_SUPPORTER
--------------------------------------------------------

  ALTER TABLE "MAKEIT"."FUND_SUPPORTER" MODIFY ("MEMBER_ID" NOT NULL ENABLE);
  ALTER TABLE "MAKEIT"."FUND_SUPPORTER" MODIFY ("FUND_IDX" NOT NULL ENABLE);
  ALTER TABLE "MAKEIT"."FUND_SUPPORTER" MODIFY ("FUND_PRICE" NOT NULL ENABLE);
--------------------------------------------------------
--  Constraints for Table MEMBER
--------------------------------------------------------

  ALTER TABLE "MAKEIT"."MEMBER" ADD CONSTRAINT "PK_MEMBER" PRIMARY KEY ("MEMBER_ID")
  USING INDEX PCTFREE 10 INITRANS 2 MAXTRANS 255 COMPUTE STATISTICS 
  STORAGE(INITIAL 65536 NEXT 1048576 MINEXTENTS 1 MAXEXTENTS 2147483645
  PCTINCREASE 0 FREELISTS 1 FREELIST GROUPS 1 BUFFER_POOL DEFAULT FLASH_CACHE DEFAULT CELL_FLASH_CACHE DEFAULT)
  TABLESPACE "SYSTEM"  ENABLE;
  ALTER TABLE "MAKEIT"."MEMBER" MODIFY ("MEMBER_ID" NOT NULL ENABLE);
  ALTER TABLE "MAKEIT"."MEMBER" MODIFY ("MEMBER_PWD" NOT NULL ENABLE);
  ALTER TABLE "MAKEIT"."MEMBER" MODIFY ("MEMBER_NAME" NOT NULL ENABLE);
  ALTER TABLE "MAKEIT"."MEMBER" MODIFY ("MEMBER_ADDRESS" NOT NULL ENABLE);
  ALTER TABLE "MAKEIT"."MEMBER" MODIFY ("MEMBER_PHONE" NOT NULL ENABLE);
  ALTER TABLE "MAKEIT"."MEMBER" MODIFY ("MEMBER_EMAIL" NOT NULL ENABLE);
  ALTER TABLE "MAKEIT"."MEMBER" MODIFY ("MEMBER_BIRTH" NOT NULL ENABLE);
  ALTER TABLE "MAKEIT"."MEMBER" MODIFY ("MEMBER_INTEREST" NOT NULL ENABLE);
  ALTER TABLE "MAKEIT"."MEMBER" MODIFY ("MEMBER_NICKNAME" NOT NULL ENABLE);
--------------------------------------------------------
--  Constraints for Table ORDERS
--------------------------------------------------------

  ALTER TABLE "MAKEIT"."ORDERS" ADD CONSTRAINT "PK_ORDERS" PRIMARY KEY ("ORDERS_IDX")
  USING INDEX PCTFREE 10 INITRANS 2 MAXTRANS 255 COMPUTE STATISTICS 
  STORAGE(INITIAL 65536 NEXT 1048576 MINEXTENTS 1 MAXEXTENTS 2147483645
  PCTINCREASE 0 FREELISTS 1 FREELIST GROUPS 1 BUFFER_POOL DEFAULT FLASH_CACHE DEFAULT CELL_FLASH_CACHE DEFAULT)
  TABLESPACE "SYSTEM"  ENABLE;
  ALTER TABLE "MAKEIT"."ORDERS" MODIFY ("ORDERS_REVIEWCHK" NOT NULL ENABLE);
  ALTER TABLE "MAKEIT"."ORDERS" MODIFY ("ORDERS_IDX" NOT NULL ENABLE);
  ALTER TABLE "MAKEIT"."ORDERS" MODIFY ("MEMBER_ID" NOT NULL ENABLE);
  ALTER TABLE "MAKEIT"."ORDERS" MODIFY ("ORDERS_ADDRESS" NOT NULL ENABLE);
  ALTER TABLE "MAKEIT"."ORDERS" MODIFY ("ORDERS_RECEIVER" NOT NULL ENABLE);
--------------------------------------------------------
--  Constraints for Table QNA
--------------------------------------------------------

  ALTER TABLE "MAKEIT"."QNA" ADD CONSTRAINT "PK_QNA" PRIMARY KEY ("QNA_IDX")
  USING INDEX PCTFREE 10 INITRANS 2 MAXTRANS 255 COMPUTE STATISTICS 
  STORAGE(INITIAL 65536 NEXT 1048576 MINEXTENTS 1 MAXEXTENTS 2147483645
  PCTINCREASE 0 FREELISTS 1 FREELIST GROUPS 1 BUFFER_POOL DEFAULT FLASH_CACHE DEFAULT CELL_FLASH_CACHE DEFAULT)
  TABLESPACE "SYSTEM"  ENABLE;
  ALTER TABLE "MAKEIT"."QNA" MODIFY ("QNA_IDX" NOT NULL ENABLE);
  ALTER TABLE "MAKEIT"."QNA" MODIFY ("MEMBER_ID" NOT NULL ENABLE);
  ALTER TABLE "MAKEIT"."QNA" MODIFY ("QNA_TITLE" NOT NULL ENABLE);
  ALTER TABLE "MAKEIT"."QNA" MODIFY ("QNA_CONTENT" NOT NULL ENABLE);
  ALTER TABLE "MAKEIT"."QNA" MODIFY ("QNA_DATE" NOT NULL ENABLE);
  ALTER TABLE "MAKEIT"."QNA" MODIFY ("QNA_HIT" NOT NULL ENABLE);
  ALTER TABLE "MAKEIT"."QNA" MODIFY ("QNA_CHANGE" NOT NULL ENABLE);
  ALTER TABLE "MAKEIT"."QNA" MODIFY ("QNA_CATEGORY" NOT NULL ENABLE);
  ALTER TABLE "MAKEIT"."QNA" MODIFY ("STORE_IDX" NOT NULL ENABLE);
--------------------------------------------------------
--  Constraints for Table QNA_RE
--------------------------------------------------------

  ALTER TABLE "MAKEIT"."QNA_RE" MODIFY ("QNA_RE_DATE" NOT NULL ENABLE);
  ALTER TABLE "MAKEIT"."QNA_RE" MODIFY ("QNA_RE_CONTENT" NOT NULL ENABLE);
  ALTER TABLE "MAKEIT"."QNA_RE" MODIFY ("STORE_IDX" NOT NULL ENABLE);
  ALTER TABLE "MAKEIT"."QNA_RE" MODIFY ("QNA_IDX" NOT NULL ENABLE);
--------------------------------------------------------
--  Constraints for Table STORE
--------------------------------------------------------

  ALTER TABLE "MAKEIT"."STORE" ADD CONSTRAINT "PK_STORE" PRIMARY KEY ("STORE_IDX")
  USING INDEX PCTFREE 10 INITRANS 2 MAXTRANS 255 COMPUTE STATISTICS 
  STORAGE(INITIAL 65536 NEXT 1048576 MINEXTENTS 1 MAXEXTENTS 2147483645
  PCTINCREASE 0 FREELISTS 1 FREELIST GROUPS 1 BUFFER_POOL DEFAULT FLASH_CACHE DEFAULT CELL_FLASH_CACHE DEFAULT)
  TABLESPACE "SYSTEM"  ENABLE;
  ALTER TABLE "MAKEIT"."STORE" MODIFY ("STORE_IDX" NOT NULL ENABLE);
  ALTER TABLE "MAKEIT"."STORE" MODIFY ("STORE_TITLE" NOT NULL ENABLE);
  ALTER TABLE "MAKEIT"."STORE" MODIFY ("STORE_PRICE" NOT NULL ENABLE);
  ALTER TABLE "MAKEIT"."STORE" MODIFY ("STORE_IMG" NOT NULL ENABLE);
  ALTER TABLE "MAKEIT"."STORE" MODIFY ("STORE_DATE" NOT NULL ENABLE);
  ALTER TABLE "MAKEIT"."STORE" MODIFY ("STORE_CATEGORY" NOT NULL ENABLE);
  ALTER TABLE "MAKEIT"."STORE" MODIFY ("MEMBER_ID" NOT NULL ENABLE);
--------------------------------------------------------
--  Constraints for Table STORE_LIKE
--------------------------------------------------------

  ALTER TABLE "MAKEIT"."STORE_LIKE" ADD CONSTRAINT "PK_STORE_LIKE" PRIMARY KEY ("STORE_LIKE_IDX")
  USING INDEX PCTFREE 10 INITRANS 2 MAXTRANS 255 COMPUTE STATISTICS 
  STORAGE(INITIAL 65536 NEXT 1048576 MINEXTENTS 1 MAXEXTENTS 2147483645
  PCTINCREASE 0 FREELISTS 1 FREELIST GROUPS 1 BUFFER_POOL DEFAULT FLASH_CACHE DEFAULT CELL_FLASH_CACHE DEFAULT)
  TABLESPACE "SYSTEM"  ENABLE;
  ALTER TABLE "MAKEIT"."STORE_LIKE" MODIFY ("STORE_LIKE_IDX" NOT NULL ENABLE);
  ALTER TABLE "MAKEIT"."STORE_LIKE" MODIFY ("STORE_IDX" NOT NULL ENABLE);
  ALTER TABLE "MAKEIT"."STORE_LIKE" MODIFY ("MEMBER_ID" NOT NULL ENABLE);
--------------------------------------------------------
--  Constraints for Table STORE_OPTION
--------------------------------------------------------

  ALTER TABLE "MAKEIT"."STORE_OPTION" MODIFY ("STORE_IDX" NOT NULL ENABLE);
--------------------------------------------------------
--  Constraints for Table STORE_REVIEW
--------------------------------------------------------

  ALTER TABLE "MAKEIT"."STORE_REVIEW" MODIFY ("STORE_IDX" NOT NULL ENABLE);
  ALTER TABLE "MAKEIT"."STORE_REVIEW" MODIFY ("MEMBER_ID" NOT NULL ENABLE);
  ALTER TABLE "MAKEIT"."STORE_REVIEW" MODIFY ("STORE_REVIEW_SCORE" NOT NULL ENABLE);
--------------------------------------------------------
--  Ref Constraints for Table FUND_OPTION
--------------------------------------------------------

  ALTER TABLE "MAKEIT"."FUND_OPTION" ADD CONSTRAINT "FK_FUND_MEMBER_FUND_OPTION_2" FOREIGN KEY ("MEMBER_ID")
	  REFERENCES "MAKEIT"."MEMBER" ("MEMBER_ID") ENABLE;
--------------------------------------------------------
--  Ref Constraints for Table STORE_REVIEW
--------------------------------------------------------

  ALTER TABLE "MAKEIT"."STORE_REVIEW" ADD CONSTRAINT "FK_STORE_STORE_REVIEW_1" FOREIGN KEY ("STORE_IDX")
	  REFERENCES "MAKEIT"."STORE" ("STORE_IDX") DISABLE;
